datetime,resolutioncode,fueltypepublication,generatedpower,totalgeneratedpower
2025-01-01T23:30:00+00:00,PT15M,Water,8.41,5634.24
2025-01-01T23:30:00+00:00,PT15M,Nuclear,3955.12,5634.24
2025-01-01T23:30:00+00:00,PT15M,Other,433.41,5634.24
2025-01-01T23:30:00+00:00,PT15M,Wind Onshore,68.18,5634.24
2025-01-01T23:15:00+00:00,PT15M,Natural Gas,369.66,5962.45
2025-01-01T23:15:00+00:00,PT15M,Biofuels,0.0,5962.45
2025-01-01T23:15:00+00:00,PT15M,Wind Onshore,77.25,5962.45
2025-01-01T23:15:00+00:00,PT15M,Wind Offshore,1113.39,5962.45
2025-01-01T23:00:00+00:00,PT15M,Nuclear,3956.01,6192.71
2025-01-01T23:00:00+00:00,PT15M,Wind Onshore,83.04,6192.71
2025-01-01T23:00:00+00:00,PT15M,Wind Offshore,1342.64,6192.71
2025-01-01T22:45:00+00:00,PT15M,Natural Gas,372.36,6418.77
2025-01-01T22:30:00+00:00,PT15M,Nuclear,3954.2,6636.5
2025-01-01T22:30:00+00:00,PT15M,Other,432.37,6636.5
2025-01-01T22:15:00+00:00,PT15M,Natural Gas,415.05,6872.44
2025-01-01T22:15:00+00:00,PT15M,Biofuels,0.0,6872.44
2025-01-01T22:15:00+00:00,PT15M,Wind Onshore,91.0,6872.44
2025-01-01T22:15:00+00:00,PT15M,Wind Offshore,1971.21,6872.44
2025-01-01T22:00:00+00:00,PT15M,Natural Gas,452.81,6846.8
2025-01-01T22:00:00+00:00,PT15M,Nuclear,3953.27,6846.8
2025-01-01T22:00:00+00:00,PT15M,Solar,0.0,6846.8
2025-01-01T22:00:00+00:00,PT15M,Wind Offshore,1898.81,6846.8
2025-01-01T21:45:00+00:00,PT15M,Natural Gas,445.05,6823.85
2025-01-01T21:45:00+00:00,PT15M,Nuclear,3953.79,6823.85
2025-01-01T21:45:00+00:00,PT15M,Other Fuel,0.0,6823.85
2025-01-01T21:15:00+00:00,PT15M,Biofuels,0.0,6850.28
2025-01-01T21:15:00+00:00,PT15M,Wind Onshore,125.19,6850.28
2025-01-01T21:15:00+00:00,PT15M,Wind Offshore,1945.39,6850.28
2025-01-01T21:00:00+00:00,PT15M,Other,430.44,6927.43
2025-01-01T21:00:00+00:00,PT15M,Biofuels,0.0,6927.43
2025-01-01T20:45:00+00:00,PT15M,Water,281.97,7213.66
2025-01-01T20:45:00+00:00,PT15M,Wind Onshore,153.44,7213.66
2025-01-01T20:30:00+00:00,PT15M,Water,297.17,7296.98
2025-01-01T20:30:00+00:00,PT15M,Solar,0.0,7296.98
2025-01-01T20:30:00+00:00,PT15M,Biofuels,0.0,7296.98
2025-01-01T20:15:00+00:00,PT15M,Natural Gas,384.32,7317.41
2025-01-01T20:15:00+00:00,PT15M,Nuclear,3952.68,7317.41
2025-01-01T20:00:00+00:00,PT15M,Water,321.34,7317.68
2025-01-01T20:00:00+00:00,PT15M,Solar,0.0,7317.68
2025-01-01T20:00:00+00:00,PT15M,Other,421.58,7317.68
2025-01-01T20:00:00+00:00,PT15M,Biofuels,0.0,7317.68
2025-01-01T20:00:00+00:00,PT15M,Wind Onshore,168.85,7317.68
2025-01-01T19:45:00+00:00,PT15M,Water,162.44,7139.2
2025-01-01T19:45:00+00:00,PT15M,Other,425.11,7139.2
2025-01-01T19:45:00+00:00,PT15M,Wind Offshore,2044.18,7139.2
2025-01-01T19:30:00+00:00,PT15M,Nuclear,3953.46,7044.48
2025-01-01T19:30:00+00:00,PT15M,Other Fuel,0.0,7044.48
2025-01-01T19:15:00+00:00,PT15M,Water,135.32,7020.53
2025-01-01T19:15:00+00:00,PT15M,Nuclear,3954.14,7020.53
2025-01-01T19:15:00+00:00,PT15M,Solar,0.0,7020.53
2025-01-01T19:15:00+00:00,PT15M,Other Fuel,0.0,7020.53
2025-01-01T19:15:00+00:00,PT15M,Wind Onshore,161.11,7020.53
2025-01-01T19:00:00+00:00,PT15M,Solar,0.0,6932.19
2025-01-01T19:00:00+00:00,PT15M,Other,448.98,6932.19
2025-01-01T19:00:00+00:00,PT15M,Other Fuel,0.0,6932.19
2025-01-01T19:00:00+00:00,PT15M,Wind Onshore,162.68,6932.19
2025-01-01T18:45:00+00:00,PT15M,Water,679.71,7359.21
2025-01-01T18:45:00+00:00,PT15M,Nuclear,3954.31,7359.21
2025-01-01T18:45:00+00:00,PT15M,Other Fuel,0.0,7359.21
2025-01-01T18:45:00+00:00,PT15M,Biofuels,0.0,7359.21
2025-01-01T18:45:00+00:00,PT15M,Wind Onshore,163.61,7359.21
2025-01-01T18:30:00+00:00,PT15M,Water,687.03,7158.34
2025-01-01T18:30:00+00:00,PT15M,Other,459.19,7158.34
2025-01-01T18:30:00+00:00,PT15M,Other Fuel,0.0,7158.34
2025-01-01T18:30:00+00:00,PT15M,Wind Onshore,158.52,7158.34
2025-01-01T18:15:00+00:00,PT15M,Other,457.99,7167.85
2025-01-01T18:15:00+00:00,PT15M,Wind Onshore,161.36,7167.85
2025-01-01T18:00:00+00:00,PT15M,Biofuels,0.0,7057.93
2025-01-01T18:00:00+00:00,PT15M,Wind Onshore,167.89,7057.93
2025-01-01T17:45:00+00:00,PT15M,Nuclear,3953.41,6798.57
2025-01-01T17:45:00+00:00,PT15M,Solar,0.0,6798.57
2025-01-01T17:45:00+00:00,PT15M,Biofuels,0.0,6798.57
2025-01-01T17:30:00+00:00,PT15M,Natural Gas,377.51,6644.26
2025-01-01T17:30:00+00:00,PT15M,Solar,0.0,6644.26
2025-01-01T17:30:00+00:00,PT15M,Wind Onshore,179.55,6644.26
2025-01-01T17:15:00+00:00,PT15M,Natural Gas,371.75,6518.76
2025-01-01T17:15:00+00:00,PT15M,Water,9.32,6518.76
2025-01-01T17:15:00+00:00,PT15M,Nuclear,3953.82,6518.76
2025-01-01T17:15:00+00:00,PT15M,Solar,0.0,6518.76
2025-01-01T17:15:00+00:00,PT15M,Other,458.39,6518.76
2025-01-01T17:15:00+00:00,PT15M,Wind Offshore,1533.48,6518.76
2025-01-01T17:00:00+00:00,PT15M,Natural Gas,370.85,6642.59
2025-01-01T17:00:00+00:00,PT15M,Water,9.33,6642.59
2025-01-01T17:00:00+00:00,PT15M,Nuclear,3953.9,6642.59
2025-01-01T16:45:00+00:00,PT15M,Nuclear,3954.65,6886.86
2025-01-01T16:45:00+00:00,PT15M,Other Fuel,0.0,6886.86
2025-01-01T16:45:00+00:00,PT15M,Biofuels,0.0,6886.86
2025-01-01T16:45:00+00:00,PT15M,Wind Offshore,1933.87,6886.86
2025-01-01T16:30:00+00:00,PT15M,Solar,0.0,6748.96
2025-01-01T16:30:00+00:00,PT15M,Wind Offshore,1782.49,6748.96
2025-01-01T16:15:00+00:00,PT15M,Water,9.34,6759.16
2025-01-01T16:15:00+00:00,PT15M,Nuclear,3954.83,6759.16
2025-01-01T16:15:00+00:00,PT15M,Wind Offshore,1742.8,6759.16
2025-01-01T16:00:00+00:00,PT15M,Water,63.09,6819.41
2025-01-01T16:00:00+00:00,PT15M,Other,452.83,6819.41
2025-01-01T16:00:00+00:00,PT15M,Wind Offshore,1722.99,6819.41
2025-01-01T15:45:00+00:00,PT15M,Water,151.39,6928.8
2025-01-01T15:45:00+00:00,PT15M,Nuclear,3955.72,6928.8
2025-01-01T15:45:00+00:00,PT15M,Other,464.1,6928.8
2025-01-01T15:45:00+00:00,PT15M,Wind Onshore,212.37,6928.8
2025-01-01T15:30:00+00:00,PT15M,Nuclear,3955.72,6899.09
2025-01-01T15:30:00+00:00,PT15M,Other Fuel,0.0,6899.09
2025-01-01T15:15:00+00:00,PT15M,Solar,0.09,6943.35
2025-01-01T15:15:00+00:00,PT15M,Other Fuel,0.0,6943.35
2025-01-01T15:15:00+00:00,PT15M,Biofuels,0.0,6943.35
2025-01-01T15:00:00+00:00,PT15M,Water,10.38,6912.84
2025-01-01T15:00:00+00:00,PT15M,Solar,0.22,6912.84
2025-01-01T14:45:00+00:00,PT15M,Water,10.07,6878.57
2025-01-01T14:45:00+00:00,PT15M,Wind Onshore,209.03,6878.57
2025-01-01T14:30:00+00:00,PT15M,Biofuels,0.0,6991.57
2025-01-01T14:15:00+00:00,PT15M,Natural Gas,372.26,6929.87
2025-01-01T14:15:00+00:00,PT15M,Solar,1.2,6929.87
2025-01-01T14:15:00+00:00,PT15M,Wind Offshore,1949.95,6929.87
2025-01-01T14:00:00+00:00,PT15M,Solar,1.27,6951.89
2025-01-01T14:00:00+00:00,PT15M,Other,441.5,6951.89
2025-01-01T14:00:00+00:00,PT15M,Other Fuel,0.0,6951.89
2025-01-01T14:00:00+00:00,PT15M,Biofuels,0.0,6951.89
2025-01-01T14:00:00+00:00,PT15M,Wind Onshore,201.68,6951.89
2025-01-01T13:45:00+00:00,PT15M,Nuclear,3953.69,6948.27
2025-01-01T13:45:00+00:00,PT15M,Solar,1.41,6948.27
2025-01-01T13:45:00+00:00,PT15M,Other Fuel,0.0,6948.27
2025-01-01T13:45:00+00:00,PT15M,Biofuels,0.0,6948.27
2025-01-01T13:15:00+00:00,PT15M,Water,9.32,6996.54
2025-01-01T13:15:00+00:00,PT15M,Nuclear,3950.54,6996.54
2025-01-01T13:15:00+00:00,PT15M,Solar,2.46,6996.54
2025-01-01T13:15:00+00:00,PT15M,Other Fuel,0.0,6996.54
2025-01-01T13:15:00+00:00,PT15M,Wind Offshore,2011.39,6996.54
2025-01-01T13:00:00+00:00,PT15M,Natural Gas,373.29,6991.28
2025-01-01T13:00:00+00:00,PT15M,Other,440.43,6991.28
2025-01-01T13:00:00+00:00,PT15M,Wind Offshore,2010.46,6991.28
2025-01-01T12:45:00+00:00,PT15M,Water,9.32,6996.15
2025-01-01T12:45:00+00:00,PT15M,Wind Onshore,205.22,6996.15
2025-01-01T12:30:00+00:00,PT15M,Water,9.33,6979.4
2025-01-01T12:30:00+00:00,PT15M,Biofuels,0.0,6979.4
2025-01-01T12:30:00+00:00,PT15M,Wind Onshore,204.7,6979.4
2025-01-01T12:15:00+00:00,PT15M,Biofuels,0.0,6966.94
2025-01-01T12:15:00+00:00,PT15M,Wind Offshore,1991.89,6966.94
2025-01-01T11:45:00+00:00,PT15M,Natural Gas,374.34,6991.65
2025-01-01T11:45:00+00:00,PT15M,Other,460.28,6991.65
2025-01-01T11:45:00+00:00,PT15M,Biofuels,0.0,6991.65
2025-01-01T11:30:00+00:00,PT15M,Wind Offshore,2026.93,7023.78
2025-01-01T11:15:00+00:00,PT15M,Solar,3.17,7045.16
2025-01-01T11:15:00+00:00,PT15M,Other,446.51,7045.16
2025-01-01T11:15:00+00:00,PT15M,Biofuels,0.0,7045.16
2025-01-01T11:00:00+00:00,PT15M,Nuclear,3950.89,7076.69
2025-01-01T11:00:00+00:00,PT15M,Biofuels,0.0,7076.69
2025-01-01T10:45:00+00:00,PT15M,Natural Gas,375.46,7071.27
2025-01-01T10:45:00+00:00,PT15M,Solar,4.01,7071.27
2025-01-01T10:30:00+00:00,PT15M,Water,10.76,7096.3
2025-01-01T10:15:00+00:00,PT15M,Nuclear,3951.28,7157.24
2025-01-01T10:15:00+00:00,PT15M,Wind Onshore,204.58,7157.24
2025-01-01T08:30:00+00:00,PT15M,Wind Onshore,203.36,7066.2
2025-01-01T08:15:00+00:00,PT15M,Water,9.92,7038.52
2025-01-01T08:00:00+00:00,PT15M,Natural Gas,337.66,7032.98
2025-01-01T08:00:00+00:00,PT15M,Other,461.55,7032.98
2025-01-01T07:30:00+00:00,PT15M,Wind Onshore,211.68,7047.25
2025-01-01T07:15:00+00:00,PT15M,Water,9.35,7069.97
2025-01-01T07:15:00+00:00,PT15M,Other,444.59,7069.97
2025-01-01T07:00:00+00:00,PT15M,Solar,0.0,7077.74
2025-01-01T06:45:00+00:00,PT15M,Natural Gas,337.25,7070.79
2025-01-01T06:15:00+00:00,PT15M,Other Fuel,0.0,7072.92
2025-01-01T06:00:00+00:00,PT15M,Other,439.73,7063.31
2025-01-01T05:30:00+00:00,PT15M,Other Fuel,0.0,7073.55
2025-01-01T05:15:00+00:00,PT15M,Water,8.45,7068.29
2025-01-01T05:15:00+00:00,PT15M,Biofuels,0.0,7068.29
2025-01-01T05:15:00+00:00,PT15M,Wind Offshore,2120.32,7068.29
2025-01-01T05:00:00+00:00,PT15M,Other Fuel,0.0,7063.21
2025-01-01T04:45:00+00:00,PT15M,Wind Onshore,209.42,7065.74
2025-01-01T04:30:00+00:00,PT15M,Natural Gas,335.54,7068.4
2025-01-01T04:00:00+00:00,PT15M,Other Fuel,0.0,7066.99
2025-01-01T04:00:00+00:00,PT15M,Biofuels,0.0,7066.99
2025-01-01T03:45:00+00:00,PT15M,Nuclear,3952.52,7069.08
2025-01-01T03:15:00+00:00,PT15M,Biofuels,0.0,7090.1
2025-01-01T03:00:00+00:00,PT15M,Biofuels,0.0,7111.67
2025-01-01T02:45:00+00:00,PT15M,Nuclear,3952.65,7108.68
2025-01-01T02:45:00+00:00,PT15M,Other,441.32,7108.68
2025-01-01T02:30:00+00:00,PT15M,Natural Gas,375.86,7107.79
2025-01-01T02:30:00+00:00,PT15M,Other Fuel,0.0,7107.79
2025-01-01T02:15:00+00:00,PT15M,Water,8.47,7050.71
2025-01-01T02:15:00+00:00,PT15M,Biofuels,0.0,7050.71
2025-01-01T02:00:00+00:00,PT15M,Biofuels,0.0,7029.98
2025-01-01T01:45:00+00:00,PT15M,Nuclear,3952.46,7023.93
2025-01-01T01:45:00+00:00,PT15M,Solar,0.0,7023.93
2025-01-01T01:45:00+00:00,PT15M,Biofuels,0.0,7023.93
2025-01-01T01:30:00+00:00,PT15M,Other Fuel,0.0,7064.34
2025-01-01T01:15:00+00:00,PT15M,Nuclear,3952.53,7133.6
2025-01-01T01:00:00+00:00,PT15M,Water,8.51,7103.58
2025-01-01T00:45:00+00:00,PT15M,Wind Offshore,2054.38,7039.47
2025-01-01T00:30:00+00:00,PT15M,Biofuels,0.0,7056.91
2025-01-01T00:15:00+00:00,PT15M,Wind Onshore,201.52,7063.19
2025-01-01T00:00:00+00:00,PT15M,Wind Onshore,198.28,7033.69
2025-01-01T11:00:00+00:00,PT15M,Water,9.33,7076.69
2025-01-01T10:45:00+00:00,PT15M,Water,9.33,7071.27
2025-01-01T10:45:00+00:00,PT15M,Other,451.75,7071.27
2025-01-01T10:30:00+00:00,PT15M,Other,438.44,7096.3
2025-01-01T10:15:00+00:00,PT15M,Biofuels,0.0,7157.24
2025-01-01T10:00:00+00:00,PT15M,Water,9.89,7077.29
2025-01-01T10:00:00+00:00,PT15M,Other Fuel,0.0,7077.29
2025-01-01T09:45:00+00:00,PT15M,Solar,4.15,7021.49
2025-01-01T09:45:00+00:00,PT15M,Biofuels,0.0,7021.49
2025-01-01T09:30:00+00:00,PT15M,Biofuels,0.0,7008.52
2025-01-01T09:15:00+00:00,PT15M,Water,9.5,7016.83
2025-01-01T09:15:00+00:00,PT15M,Biofuels,0.0,7016.83
2025-01-01T09:00:00+00:00,PT15M,Other,445.32,6961.57
2025-01-01T09:00:00+00:00,PT15M,Wind Onshore,203.4,6961.57
2025-01-01T08:30:00+00:00,PT15M,Natural Gas,336.64,7066.2
2025-01-01T08:30:00+00:00,PT15M,Water,11.42,7066.2
2025-01-01T08:00:00+00:00,PT15M,Biofuels,0.0,7032.98
2025-01-01T07:45:00+00:00,PT15M,Solar,0.02,6984.95
2025-01-01T07:00:00+00:00,PT15M,Other,444.17,7077.74
2025-01-01T06:30:00+00:00,PT15M,Solar,0.0,7078.23
2025-01-01T06:15:00+00:00,PT15M,Water,8.44,7072.92
2025-01-01T06:15:00+00:00,PT15M,Biofuels,0.0,7072.92
2025-01-01T06:00:00+00:00,PT15M,Water,8.43,7063.31
2025-01-01T06:00:00+00:00,PT15M,Solar,0.0,7063.31
2025-01-01T05:45:00+00:00,PT15M,Solar,0.0,7079.72
2025-01-01T05:30:00+00:00,PT15M,Biofuels,0.0,7073.55
2025-01-01T05:00:00+00:00,PT15M,Water,8.45,7063.21
2025-01-01T04:45:00+00:00,PT15M,Other,440.04,7065.74
2025-01-01T04:00:00+00:00,PT15M,Wind Onshore,211.47,7066.99
2025-01-01T03:45:00+00:00,PT15M,Natural Gas,335.35,7069.08
2025-01-01T03:45:00+00:00,PT15M,Water,8.46,7069.08
2025-01-01T03:45:00+00:00,PT15M,Biofuels,0.0,7069.08
2025-01-01T03:30:00+00:00,PT15M,Biofuels,0.0,7072.17
2025-01-01T03:15:00+00:00,PT15M,Natural Gas,336.38,7090.1
2025-01-01T03:00:00+00:00,PT15M,Solar,0.0,7111.67
2025-01-01T03:00:00+00:00,PT15M,Other Fuel,0.0,7111.67
2025-01-01T02:15:00+00:00,PT15M,Other,454.19,7050.71
2025-01-01T02:15:00+00:00,PT15M,Other Fuel,0.0,7050.71
2025-01-01T02:00:00+00:00,PT15M,Nuclear,3952.29,7029.98
2025-01-01T01:45:00+00:00,PT15M,Other,448.76,7023.93
2025-01-01T01:30:00+00:00,PT15M,Water,8.48,7064.34
2025-01-01T01:30:00+00:00,PT15M,Solar,0.0,7064.34
2025-01-01T01:15:00+00:00,PT15M,Water,8.47,7133.6
2025-01-01T01:15:00+00:00,PT15M,Solar,0.0,7133.6
2025-01-01T01:15:00+00:00,PT15M,Other,468.15,7133.6
2025-01-01T01:15:00+00:00,PT15M,Biofuels,0.0,7133.6
2025-01-01T01:00:00+00:00,PT15M,Other,471.57,7103.58
2025-01-01T01:00:00+00:00,PT15M,Wind Onshore,203.54,7103.58
2025-01-01T00:45:00+00:00,PT15M,Wind Onshore,203.17,7039.47
2025-01-01T00:30:00+00:00,PT15M,Nuclear,3952.54,7056.91
2025-01-01T00:30:00+00:00,PT15M,Wind Onshore,202.98,7056.91
2025-01-01T00:15:00+00:00,PT15M,Nuclear,3951.42,7063.19
2025-01-01T00:15:00+00:00,PT15M,Wind Offshore,2075.45,7063.19
2025-01-01T00:00:00+00:00,PT15M,Nuclear,3953.12,7033.69
2025-01-01T00:00:00+00:00,PT15M,Wind Offshore,2037.98,7033.69
2025-01-01T12:00:00+00:00,PT15M,Other,438.37,6955.95
2025-01-01T11:45:00+00:00,PT15M,Wind Onshore,205.06,6991.65
2025-01-01T11:30:00+00:00,PT15M,Other Fuel,0.0,7023.78
2025-01-01T11:15:00+00:00,PT15M,Nuclear,3950.42,7045.16
2025-01-01T11:15:00+00:00,PT15M,Wind Onshore,206.37,7045.16
2025-01-01T11:00:00+00:00,PT15M,Other,447.09,7076.69
2025-01-01T10:45:00+00:00,PT15M,Biofuels,0.0,7071.27
2025-01-01T10:30:00+00:00,PT15M,Solar,4.03,7096.3
2025-01-01T10:15:00+00:00,PT15M,Solar,3.4,7157.24
2025-01-01T10:00:00+00:00,PT15M,Nuclear,3951.68,7077.29
2025-01-01T09:45:00+00:00,PT15M,Water,9.47,7021.49
2025-01-01T09:45:00+00:00,PT15M,Other,458.46,7021.49
2025-01-01T09:30:00+00:00,PT15M,Water,9.34,7008.52
2025-01-01T09:30:00+00:00,PT15M,Wind Offshore,2055.62,7008.52
2025-01-01T09:15:00+00:00,PT15M,Nuclear,3951.86,7016.83
2025-01-01T09:15:00+00:00,PT15M,Other Fuel,0.0,7016.83
2025-01-01T09:00:00+00:00,PT15M,Nuclear,3951.76,6961.57
2025-01-01T09:00:00+00:00,PT15M,Other Fuel,0.0,6961.57
2025-01-01T08:45:00+00:00,PT15M,Natural Gas,336.31,7071.27
2025-01-01T08:45:00+00:00,PT15M,Water,11.02,7071.27
2025-01-01T08:45:00+00:00,PT15M,Solar,2.38,7071.27
2025-01-01T08:45:00+00:00,PT15M,Biofuels,0.0,7071.27
2025-01-01T08:30:00+00:00,PT15M,Wind Offshore,2122.72,7066.2
2025-01-01T08:00:00+00:00,PT15M,Water,9.34,7032.98
2025-01-01T08:00:00+00:00,PT15M,Nuclear,3954.39,7032.98
2025-01-01T07:45:00+00:00,PT15M,Natural Gas,336.79,6984.95
2025-01-01T07:45:00+00:00,PT15M,Other,443.77,6984.95
2025-01-01T07:45:00+00:00,PT15M,Wind Onshore,208.65,6984.95
2025-01-01T07:30:00+00:00,PT15M,Other Fuel,0.0,7047.25
2025-01-01T07:00:00+00:00,PT15M,Natural Gas,337.5,7077.74
2025-01-01T07:00:00+00:00,PT15M,Water,9.16,7077.74
2025-01-01T07:00:00+00:00,PT15M,Wind Offshore,2124.71,7077.74
2025-01-01T06:30:00+00:00,PT15M,Water,8.43,7078.23
2025-01-01T06:15:00+00:00,PT15M,Natural Gas,337.0,7072.92
2025-01-01T06:00:00+00:00,PT15M,Nuclear,3951.32,7063.31
2025-01-01T05:15:00+00:00,PT15M,Other,441.39,7068.29
2025-01-01T04:45:00+00:00,PT15M,Biofuels,0.0,7065.74
2025-01-01T04:30:00+00:00,PT15M,Nuclear,3952.43,7068.4
2025-01-01T04:15:00+00:00,PT15M,Other,442.49,7069.24
2025-01-01T04:15:00+00:00,PT15M,Wind Onshore,211.46,7069.24
2025-01-01T04:15:00+00:00,PT15M,Wind Offshore,2120.23,7069.24
2025-01-01T04:00:00+00:00,PT15M,Other,440.69,7066.99
2025-01-01T04:00:00+00:00,PT15M,Wind Offshore,2120.07,7066.99
2025-01-01T03:30:00+00:00,PT15M,Water,8.47,7072.17
2025-01-01T03:15:00+00:00,PT15M,Solar,0.0,7090.1
2025-01-01T03:15:00+00:00,PT15M,Other,457.84,7090.1
2025-01-01T03:00:00+00:00,PT15M,Nuclear,3952.41,7111.67
2025-01-01T02:45:00+00:00,PT15M,Other Fuel,0.0,7108.68
2025-01-01T02:45:00+00:00,PT15M,Wind Offshore,2121.56,7108.68
2025-01-01T02:30:00+00:00,PT15M,Water,8.49,7107.79
2025-01-01T02:30:00+00:00,PT15M,Biofuels,0.0,7107.79
2025-01-01T02:15:00+00:00,PT15M,Wind Offshore,2054.66,7050.71
2025-01-01T01:45:00+00:00,PT15M,Water,8.48,7023.93
2025-01-01T01:15:00+00:00,PT15M,Wind Onshore,204.7,7133.6
2025-01-01T01:15:00+00:00,PT15M,Wind Offshore,2123.08,7133.6
2025-01-01T00:45:00+00:00,PT15M,Water,8.47,7039.47
2025-01-01T00:45:00+00:00,PT15M,Solar,0.0,7039.47
2025-01-01T00:30:00+00:00,PT15M,Natural Gas,376.41,7056.91
2025-01-01T00:00:00+00:00,PT15M,Natural Gas,377.0,7033.69
2025-01-01T23:45:00+00:00,PT15M,Natural Gas,416.84,5353.5
2025-01-01T23:45:00+00:00,PT15M,Solar,0.0,5353.5
2025-01-01T23:45:00+00:00,PT15M,Other,439.49,5353.5
2025-01-01T23:45:00+00:00,PT15M,Wind Onshore,54.43,5353.5
2025-01-01T23:45:00+00:00,PT15M,Wind Offshore,477.96,5353.5
2025-01-01T23:30:00+00:00,PT15M,Other Fuel,0.0,5634.24
2025-01-01T23:15:00+00:00,PT15M,Water,8.39,5962.45
2025-01-01T23:15:00+00:00,PT15M,Other,438.89,5962.45
2025-01-01T23:15:00+00:00,PT15M,Other Fuel,0.0,5962.45
2025-01-01T23:00:00+00:00,PT15M,Natural Gas,368.97,6192.71
2025-01-01T23:00:00+00:00,PT15M,Other,433.59,6192.71
2025-01-01T22:45:00+00:00,PT15M,Water,8.43,6418.77
2025-01-01T22:45:00+00:00,PT15M,Other,431.41,6418.77
2025-01-01T22:45:00+00:00,PT15M,Biofuels,0.0,6418.77
2025-01-01T22:30:00+00:00,PT15M,Water,8.44,6636.5
2025-01-01T22:30:00+00:00,PT15M,Solar,0.0,6636.5
2025-01-01T22:30:00+00:00,PT15M,Biofuels,0.0,6636.5
2025-01-01T22:30:00+00:00,PT15M,Wind Onshore,83.27,6636.5
2025-01-01T22:30:00+00:00,PT15M,Wind Offshore,1784.4,6636.5
2025-01-01T22:15:00+00:00,PT15M,Water,8.43,6872.44
2025-01-01T22:15:00+00:00,PT15M,Solar,0.0,6872.44
2025-01-01T22:15:00+00:00,PT15M,Other Fuel,0.0,6872.44
2025-01-01T22:00:00+00:00,PT15M,Biofuels,0.0,6846.8
2025-01-01T22:00:00+00:00,PT15M,Wind Onshore,99.11,6846.8
2025-01-01T21:45:00+00:00,PT15M,Water,8.42,6823.85
2025-01-01T21:45:00+00:00,PT15M,Solar,0.0,6823.85
2025-01-01T21:45:00+00:00,PT15M,Other,458.1,6823.85
2025-01-01T21:45:00+00:00,PT15M,Wind Onshore,110.26,6823.85
2025-01-01T21:30:00+00:00,PT15M,Water,8.45,6679.46
2025-01-01T21:30:00+00:00,PT15M,Nuclear,3953.41,6679.46
2025-01-01T21:30:00+00:00,PT15M,Solar,0.0,6679.46
2025-01-01T21:30:00+00:00,PT15M,Other,440.35,6679.46
2025-01-01T21:30:00+00:00,PT15M,Other Fuel,0.0,6679.46
2025-01-01T21:30:00+00:00,PT15M,Biofuels,0.0,6679.46
2025-01-01T21:30:00+00:00,PT15M,Wind Offshore,1767.15,6679.46
2025-01-01T21:15:00+00:00,PT15M,Natural Gas,384.73,6850.28
2025-01-01T21:15:00+00:00,PT15M,Nuclear,3951.98,6850.28
2025-01-01T21:15:00+00:00,PT15M,Other,434.53,6850.28
2025-01-01T21:00:00+00:00,PT15M,Other Fuel,0.0,6927.43
2025-01-01T21:00:00+00:00,PT15M,Wind Onshore,133.9,6927.43
2025-01-01T20:45:00+00:00,PT15M,Solar,0.0,7213.66
2025-01-01T20:45:00+00:00,PT15M,Biofuels,0.0,7213.66
2025-01-01T20:30:00+00:00,PT15M,Nuclear,3952.62,7296.98
2025-01-01T20:30:00+00:00,PT15M,Other Fuel,0.0,7296.98
2025-01-01T20:30:00+00:00,PT15M,Wind Offshore,2060.74,7296.98
2025-01-01T20:15:00+00:00,PT15M,Other,430.41,7317.41
2025-01-01T20:15:00+00:00,PT15M,Other Fuel,0.0,7317.41
2025-01-01T20:15:00+00:00,PT15M,Biofuels,0.0,7317.41
2025-01-01T20:15:00+00:00,PT15M,Wind Onshore,171.04,7317.41
2025-01-01T20:15:00+00:00,PT15M,Wind Offshore,2057.15,7317.41
2025-01-01T20:00:00+00:00,PT15M,Nuclear,3953.02,7317.68
2025-01-01T19:45:00+00:00,PT15M,Nuclear,3953.78,7139.2
2025-01-01T19:45:00+00:00,PT15M,Other Fuel,0.0,7139.2
2025-01-01T19:45:00+00:00,PT15M,Biofuels,0.0,7139.2
2025-01-01T19:45:00+00:00,PT15M,Wind Onshore,169.19,7139.2
2025-01-01T19:30:00+00:00,PT15M,Solar,0.0,7044.48
2025-01-01T19:30:00+00:00,PT15M,Wind Onshore,166.76,7044.48
2025-01-01T19:15:00+00:00,PT15M,Other,442.36,7020.53
2025-01-01T19:00:00+00:00,PT15M,Natural Gas,495.32,6932.19
2025-01-01T19:00:00+00:00,PT15M,Nuclear,3953.76,6932.19
2025-01-01T18:45:00+00:00,PT15M,Other,459.47,7359.21
2025-01-01T18:45:00+00:00,PT15M,Wind Offshore,1557.37,7359.21
2025-01-01T18:30:00+00:00,PT15M,Solar,0.0,7158.34
2025-01-01T18:30:00+00:00,PT15M,Biofuels,0.0,7158.34
2025-01-01T18:30:00+00:00,PT15M,Wind Offshore,1406.55,7158.34
2025-01-01T18:15:00+00:00,PT15M,Water,693.77,7167.85
2025-01-01T18:15:00+00:00,PT15M,Solar,0.0,7167.85
2025-01-01T18:15:00+00:00,PT15M,Other Fuel,0.0,7167.85
2025-01-01T18:15:00+00:00,PT15M,Wind Offshore,1419.14,7167.85
2025-01-01T18:00:00+00:00,PT15M,Nuclear,3953.43,7057.93
2025-01-01T18:00:00+00:00,PT15M,Other Fuel,0.0,7057.93
2025-01-01T18:00:00+00:00,PT15M,Wind Offshore,1579.13,7057.93
2025-01-01T17:45:00+00:00,PT15M,Natural Gas,424.31,6798.57
2025-01-01T17:45:00+00:00,PT15M,Water,206.58,6798.57
2025-01-01T17:45:00+00:00,PT15M,Other,452.28,6798.57
2025-01-01T17:45:00+00:00,PT15M,Other Fuel,0.0,6798.57
2025-01-01T17:45:00+00:00,PT15M,Wind Onshore,168.3,6798.57
2025-01-01T17:45:00+00:00,PT15M,Wind Offshore,1593.69,6798.57
2025-01-01T17:30:00+00:00,PT15M,Other,456.26,6644.26
2025-01-01T17:30:00+00:00,PT15M,Biofuels,0.0,6644.26
2025-01-01T17:15:00+00:00,PT15M,Other Fuel,0.0,6518.76
2025-01-01T17:15:00+00:00,PT15M,Biofuels,0.0,6518.76
2025-01-01T17:15:00+00:00,PT15M,Wind Onshore,192.0,6518.76
2025-01-01T17:00:00+00:00,PT15M,Solar,0.0,6642.59
2025-01-01T17:00:00+00:00,PT15M,Other,437.54,6642.59
2025-01-01T17:00:00+00:00,PT15M,Wind Offshore,1677.45,6642.59
2025-01-01T16:45:00+00:00,PT15M,Wind Onshore,186.08,6886.86
2025-01-01T16:30:00+00:00,PT15M,Natural Gas,371.17,6748.96
2025-01-01T16:30:00+00:00,PT15M,Nuclear,3954.82,6748.96
2025-01-01T16:30:00+00:00,PT15M,Biofuels,0.0,6748.96
2025-01-01T16:30:00+00:00,PT15M,Wind Onshore,190.39,6748.96
2025-01-01T16:15:00+00:00,PT15M,Other,450.74,6759.16
2025-01-01T16:15:00+00:00,PT15M,Wind Onshore,196.77,6759.16
2025-01-01T16:00:00+00:00,PT15M,Nuclear,3955.53,6819.41
2025-01-01T16:00:00+00:00,PT15M,Biofuels,0.0,6819.41
2025-01-01T15:45:00+00:00,PT15M,Natural Gas,374.75,6928.8
2025-01-01T15:45:00+00:00,PT15M,Solar,0.0,6928.8
2025-01-01T15:45:00+00:00,PT15M,Other Fuel,0.0,6928.8
2025-01-01T15:45:00+00:00,PT15M,Wind Offshore,1770.47,6928.8
2025-01-01T15:30:00+00:00,PT15M,Water,81.16,6899.09
2025-01-01T15:30:00+00:00,PT15M,Solar,0.0,6899.09
2025-01-01T15:30:00+00:00,PT15M,Biofuels,0.0,6899.09
2025-01-01T15:30:00+00:00,PT15M,Wind Onshore,212.87,6899.09
2025-01-01T15:15:00+00:00,PT15M,Natural Gas,399.82,6943.35
2025-01-01T15:15:00+00:00,PT15M,Wind Onshore,212.12,6943.35
2025-01-01T15:00:00+00:00,PT15M,Nuclear,3955.63,6912.84
2025-01-01T15:00:00+00:00,PT15M,Other,448.27,6912.84
2025-01-01T15:00:00+00:00,PT15M,Other Fuel,0.0,6912.84
2025-01-01T15:00:00+00:00,PT15M,Biofuels,0.0,6912.84
2025-01-01T15:00:00+00:00,PT15M,Wind Onshore,212.63,6912.84
2025-01-01T14:45:00+00:00,PT15M,Natural Gas,398.35,6878.57
2025-01-01T14:45:00+00:00,PT15M,Nuclear,3955.62,6878.57
2025-01-01T14:45:00+00:00,PT15M,Biofuels,0.0,6878.57
2025-01-01T14:30:00+00:00,PT15M,Natural Gas,388.54,6991.57
2025-01-01T14:30:00+00:00,PT15M,Solar,1.04,6991.57
2025-01-01T14:30:00+00:00,PT15M,Other,441.65,6991.57
2025-01-01T14:30:00+00:00,PT15M,Other Fuel,0.0,6991.57
2025-01-01T14:30:00+00:00,PT15M,Wind Onshore,211.67,6991.57
2025-01-01T14:00:00+00:00,PT15M,Water,10.16,6951.89
2025-01-01T14:00:00+00:00,PT15M,Wind Offshore,1969.81,6951.89
2025-01-01T13:45:00+00:00,PT15M,Natural Gas,372.35,6948.27
2025-01-01T13:45:00+00:00,PT15M,Water,9.35,6948.27
2025-01-01T13:45:00+00:00,PT15M,Wind Onshore,205.02,6948.27
2025-01-01T13:45:00+00:00,PT15M,Wind Offshore,1962.05,6948.27
2025-01-01T13:30:00+00:00,PT15M,Water,9.33,6925.6
2025-01-01T13:30:00+00:00,PT15M,Nuclear,3952.23,6925.6
2025-01-01T13:30:00+00:00,PT15M,Other Fuel,0.0,6925.6
2025-01-01T13:30:00+00:00,PT15M,Wind Onshore,205.28,6925.6
2025-01-01T13:15:00+00:00,PT15M,Biofuels,0.0,6996.54
2025-01-01T13:15:00+00:00,PT15M,Wind Onshore,205.13,6996.54
2025-01-01T13:00:00+00:00,PT15M,Water,9.33,6991.28
2025-01-01T13:00:00+00:00,PT15M,Nuclear,3950.36,6991.28
2025-01-01T13:00:00+00:00,PT15M,Other Fuel,0.0,6991.28
2025-01-01T13:00:00+00:00,PT15M,Biofuels,0.0,6991.28
2025-01-01T12:45:00+00:00,PT15M,Natural Gas,372.62,6996.15
2025-01-01T12:45:00+00:00,PT15M,Nuclear,3949.96,6996.15
2025-01-01T12:45:00+00:00,PT15M,Other,441.15,6996.15
2025-01-01T12:45:00+00:00,PT15M,Biofuels,0.0,6996.15
2025-01-01T12:45:00+00:00,PT15M,Wind Offshore,2014.64,6996.15
2025-01-01T12:30:00+00:00,PT15M,Natural Gas,372.84,6979.4
2025-01-01T12:30:00+00:00,PT15M,Solar,3.76,6979.4
2025-01-01T12:30:00+00:00,PT15M,Other Fuel,0.0,6979.4
2025-01-01T12:15:00+00:00,PT15M,Natural Gas,373.79,6966.94
2025-01-01T12:15:00+00:00,PT15M,Water,9.34,6966.94
2025-01-01T12:15:00+00:00,PT15M,Nuclear,3949.85,6966.94
2025-01-01T12:15:00+00:00,PT15M,Solar,4.46,6966.94
2025-01-01T12:15:00+00:00,PT15M,Other Fuel,0.0,6966.94
2025-01-01T12:15:00+00:00,PT15M,Wind Onshore,204.6,6966.94
2025-01-01T12:00:00+00:00,PT15M,Nuclear,3948.96,6955.95
2025-01-01T12:00:00+00:00,PT15M,Biofuels,0.0,6955.95
2025-01-01T12:00:00+00:00,PT15M,Wind Onshore,205.08,6955.95
2025-01-01T11:45:00+00:00,PT15M,Solar,4.1,6991.65
2025-01-01T11:45:00+00:00,PT15M,Other Fuel,0.0,6991.65
2025-01-01T11:45:00+00:00,PT15M,Wind Offshore,1989.74,6991.65
2025-01-01T11:30:00+00:00,PT15M,Nuclear,3949.08,7023.78
2025-01-01T11:30:00+00:00,PT15M,Wind Onshore,205.14,7023.78
2025-01-01T11:15:00+00:00,PT15M,Natural Gas,375.48,7045.16
2025-01-01T11:15:00+00:00,PT15M,Water,9.38,7045.16
2025-01-01T11:15:00+00:00,PT15M,Wind Offshore,2053.83,7045.16
2025-01-01T11:00:00+00:00,PT15M,Solar,3.17,7076.69
2025-01-01T11:00:00+00:00,PT15M,Other Fuel,0.0,7076.69
2025-01-01T11:00:00+00:00,PT15M,Wind Onshore,206.93,7076.69
2025-01-01T11:00:00+00:00,PT15M,Wind Offshore,2083.91,7076.69
2025-01-01T10:45:00+00:00,PT15M,Nuclear,3950.95,7071.27
2025-01-01T10:30:00+00:00,PT15M,Natural Gas,404.74,7096.3
2025-01-01T10:30:00+00:00,PT15M,Wind Offshore,2081.0,7096.3
2025-01-01T10:15:00+00:00,PT15M,Natural Gas,422.2,7157.24
2025-01-01T10:00:00+00:00,PT15M,Natural Gas,375.68,7077.29
2025-01-01T10:00:00+00:00,PT15M,Solar,3.93,7077.29
2025-01-01T10:00:00+00:00,PT15M,Wind Onshore,204.69,7077.29
2025-01-01T10:00:00+00:00,PT15M,Wind Offshore,2088.17,7077.29
2025-01-01T09:45:00+00:00,PT15M,Wind Onshore,197.36,7021.49
2025-01-01T09:30:00+00:00,PT15M,Natural Gas,337.41,7008.52
2025-01-01T09:30:00+00:00,PT15M,Other,453.77,7008.52
2025-01-01T09:30:00+00:00,PT15M,Other Fuel,0.0,7008.52
2025-01-01T09:30:00+00:00,PT15M,Wind Onshore,197.55,7008.52
2025-01-01T09:15:00+00:00,PT15M,Natural Gas,337.24,7016.83
2025-01-01T09:15:00+00:00,PT15M,Solar,3.23,7016.83
2025-01-01T09:00:00+00:00,PT15M,Water,10.58,6961.57
2025-01-01T09:00:00+00:00,PT15M,Solar,2.54,6961.57
2025-01-01T09:00:00+00:00,PT15M,Wind Offshore,2010.68,6961.57
2025-01-01T08:45:00+00:00,PT15M,Other Fuel,0.0,7071.27
2025-01-01T08:45:00+00:00,PT15M,Wind Offshore,2122.88,7071.27
2025-01-01T08:30:00+00:00,PT15M,Biofuels,0.0,7066.2
2025-01-01T08:15:00+00:00,PT15M,Nuclear,3954.67,7038.52
2025-01-01T08:15:00+00:00,PT15M,Other Fuel,0.0,7038.52
2025-01-01T08:15:00+00:00,PT15M,Wind Onshore,206.83,7038.52
2025-01-01T08:15:00+00:00,PT15M,Wind Offshore,2085.94,7038.52
2025-01-01T08:00:00+00:00,PT15M,Solar,0.61,7032.98
2025-01-01T08:00:00+00:00,PT15M,Wind Onshore,211.44,7032.98
2025-01-01T07:45:00+00:00,PT15M,Nuclear,3953.89,6984.95
2025-01-01T07:30:00+00:00,PT15M,Nuclear,3953.61,7047.25
2025-01-01T07:30:00+00:00,PT15M,Solar,0.0,7047.25
2025-01-01T07:15:00+00:00,PT15M,Natural Gas,337.68,7069.97
2025-01-01T07:15:00+00:00,PT15M,Solar,0.0,7069.97
2025-01-01T07:15:00+00:00,PT15M,Biofuels,0.0,7069.97
2025-01-01T07:15:00+00:00,PT15M,Wind Onshore,210.71,7069.97
2025-01-01T07:15:00+00:00,PT15M,Wind Offshore,2115.53,7069.97
2025-01-01T06:45:00+00:00,PT15M,Water,8.45,7070.79
2025-01-01T06:45:00+00:00,PT15M,Nuclear,3950.71,7070.79
2025-01-01T06:45:00+00:00,PT15M,Solar,0.0,7070.79
2025-01-01T06:30:00+00:00,PT15M,Nuclear,3951.16,7078.23
2025-01-01T06:30:00+00:00,PT15M,Biofuels,0.0,7078.23
2025-01-01T06:30:00+00:00,PT15M,Wind Offshore,2128.16,7078.23
2025-01-01T06:15:00+00:00,PT15M,Wind Onshore,211.16,7072.92
2025-01-01T06:00:00+00:00,PT15M,Other Fuel,0.0,7063.31
2025-01-01T05:45:00+00:00,PT15M,Water,8.45,7079.72
2025-01-01T05:45:00+00:00,PT15M,Other,442.9,7079.72
2025-01-01T05:45:00+00:00,PT15M,Other Fuel,0.0,7079.72
2025-01-01T05:45:00+00:00,PT15M,Biofuels,0.0,7079.72
2025-01-01T05:30:00+00:00,PT15M,Natural Gas,336.85,7073.55
2025-01-01T05:30:00+00:00,PT15M,Water,8.45,7073.55
2025-01-01T05:30:00+00:00,PT15M,Solar,0.0,7073.55
2025-01-01T05:15:00+00:00,PT15M,Nuclear,3952.03,7068.29
2025-01-01T05:15:00+00:00,PT15M,Solar,0.0,7068.29
2025-01-01T05:15:00+00:00,PT15M,Other Fuel,0.0,7068.29
2025-01-01T05:00:00+00:00,PT15M,Nuclear,3952.49,7063.21
2025-01-01T05:00:00+00:00,PT15M,Other,438.65,7063.21
2025-01-01T05:00:00+00:00,PT15M,Wind Offshore,2119.74,7063.21
2025-01-01T04:45:00+00:00,PT15M,Water,8.46,7065.74
2025-01-01T04:30:00+00:00,PT15M,Water,8.45,7068.4
2025-01-01T04:30:00+00:00,PT15M,Solar,0.0,7068.4
2025-01-01T04:30:00+00:00,PT15M,Other,442.7,7068.4
2025-01-01T04:30:00+00:00,PT15M,Other Fuel,0.0,7068.4
2025-01-01T04:30:00+00:00,PT15M,Biofuels,0.0,7068.4
2025-01-01T04:15:00+00:00,PT15M,Biofuels,0.0,7069.24
2025-01-01T04:00:00+00:00,PT15M,Natural Gas,335.56,7066.99
2025-01-01T04:00:00+00:00,PT15M,Water,8.45,7066.99
2025-01-01T03:45:00+00:00,PT15M,Solar,0.0,7069.08
2025-01-01T03:45:00+00:00,PT15M,Other,441.21,7069.08
2025-01-01T03:45:00+00:00,PT15M,Wind Onshore,211.76,7069.08
2025-01-01T03:45:00+00:00,PT15M,Wind Offshore,2119.78,7069.08
2025-01-01T03:30:00+00:00,PT15M,Natural Gas,336.1,7072.17
2025-01-01T03:30:00+00:00,PT15M,Nuclear,3953.12,7072.17
2025-01-01T03:15:00+00:00,PT15M,Nuclear,3953.24,7090.1
2025-01-01T03:15:00+00:00,PT15M,Wind Onshore,211.91,7090.1
2025-01-01T03:00:00+00:00,PT15M,Natural Gas,374.78,7111.67
2025-01-01T03:00:00+00:00,PT15M,Water,8.47,7111.67
2025-01-01T02:45:00+00:00,PT15M,Natural Gas,375.95,7108.68
2025-01-01T02:45:00+00:00,PT15M,Water,8.47,7108.68
2025-01-01T02:45:00+00:00,PT15M,Solar,0.0,7108.68
2025-01-01T02:45:00+00:00,PT15M,Biofuels,0.0,7108.68
2025-01-01T02:30:00+00:00,PT15M,Nuclear,3952.94,7107.79
2025-01-01T02:30:00+00:00,PT15M,Solar,0.0,7107.79
2025-01-01T02:30:00+00:00,PT15M,Other,442.9,7107.79
2025-01-01T02:30:00+00:00,PT15M,Wind Onshore,205.37,7107.79
2025-01-01T02:15:00+00:00,PT15M,Wind Onshore,204.6,7050.71
2025-01-01T02:00:00+00:00,PT15M,Water,8.54,7029.98
2025-01-01T02:00:00+00:00,PT15M,Other,452.83,7029.98
2025-01-01T02:00:00+00:00,PT15M,Wind Offshore,2037.33,7029.98
2025-01-01T01:45:00+00:00,PT15M,Other Fuel,0.0,7023.93
2025-01-01T01:45:00+00:00,PT15M,Wind Onshore,202.65,7023.93
2025-01-01T01:30:00+00:00,PT15M,Nuclear,3952.27,7064.34
2025-01-01T01:00:00+00:00,PT15M,Natural Gas,381.16,7103.58
2025-01-01T01:00:00+00:00,PT15M,Solar,0.0,7103.58
2025-01-01T01:00:00+00:00,PT15M,Other Fuel,0.0,7103.58
2025-01-01T01:00:00+00:00,PT15M,Biofuels,0.0,7103.58
2025-01-01T01:00:00+00:00,PT15M,Wind Offshore,2087.39,7103.58
2025-01-01T00:45:00+00:00,PT15M,Nuclear,3952.17,7039.47
2025-01-01T00:45:00+00:00,PT15M,Other Fuel,0.0,7039.47
2025-01-01T00:45:00+00:00,PT15M,Biofuels,0.0,7039.47
2025-01-01T00:30:00+00:00,PT15M,Water,8.49,7056.91
2025-01-01T00:30:00+00:00,PT15M,Other,442.05,7056.91
2025-01-01T00:30:00+00:00,PT15M,Other Fuel,0.0,7056.91
2025-01-01T00:30:00+00:00,PT15M,Wind Offshore,2074.44,7056.91
2025-01-01T00:15:00+00:00,PT15M,Water,8.49,7063.19
2025-01-01T00:15:00+00:00,PT15M,Solar,0.0,7063.19
2025-01-01T00:15:00+00:00,PT15M,Other,449.97,7063.19
2025-01-01T00:15:00+00:00,PT15M,Other Fuel,0.0,7063.19
2025-01-01T12:15:00+00:00,PT15M,Other,433.01,6966.94
2025-01-01T12:00:00+00:00,PT15M,Solar,5.06,6955.95
2025-01-01T11:30:00+00:00,PT15M,Other,454.42,7023.78
2025-01-01T11:15:00+00:00,PT15M,Other Fuel,0.0,7045.16
2025-01-01T10:45:00+00:00,PT15M,Wind Onshore,207.65,7071.27
2025-01-01T10:30:00+00:00,PT15M,Biofuels,0.0,7096.3
2025-01-01T10:30:00+00:00,PT15M,Wind Onshore,205.74,7096.3
2025-01-01T10:15:00+00:00,PT15M,Water,40.59,7157.24
2025-01-01T10:15:00+00:00,PT15M,Other,448.93,7157.24
2025-01-01T10:15:00+00:00,PT15M,Wind Offshore,2086.26,7157.24
2025-01-01T09:45:00+00:00,PT15M,Natural Gas,336.94,7021.49
2025-01-01T09:45:00+00:00,PT15M,Other Fuel,0.0,7021.49
2025-01-01T09:45:00+00:00,PT15M,Wind Offshore,2063.68,7021.49
2025-01-01T09:30:00+00:00,PT15M,Nuclear,3951.52,7008.52
2025-01-01T09:30:00+00:00,PT15M,Solar,3.31,7008.52
2025-01-01T09:00:00+00:00,PT15M,Natural Gas,337.29,6961.57
2025-01-01T07:45:00+00:00,PT15M,Other Fuel,0.0,6984.95
2025-01-01T07:45:00+00:00,PT15M,Wind Offshore,2032.48,6984.95
2025-01-01T07:30:00+00:00,PT15M,Natural Gas,337.22,7047.25
2025-01-01T07:30:00+00:00,PT15M,Biofuels,0.0,7047.25
2025-01-01T06:30:00+00:00,PT15M,Natural Gas,336.43,7078.23
2025-01-01T06:15:00+00:00,PT15M,Solar,0.0,7072.92
2025-01-01T06:00:00+00:00,PT15M,Natural Gas,336.94,7063.31
2025-01-01T06:00:00+00:00,PT15M,Wind Onshore,212.94,7063.31
2025-01-01T06:00:00+00:00,PT15M,Wind Offshore,2113.95,7063.31
2025-01-01T05:45:00+00:00,PT15M,Wind Offshore,2128.42,7079.72
2025-01-01T05:30:00+00:00,PT15M,Other,442.76,7073.55
2025-01-01T05:30:00+00:00,PT15M,Wind Onshore,210.29,7073.55
2025-01-01T05:30:00+00:00,PT15M,Wind Offshore,2122.86,7073.55
2025-01-01T04:45:00+00:00,PT15M,Wind Offshore,2120.02,7065.74
2025-01-01T04:30:00+00:00,PT15M,Wind Onshore,209.78,7068.4
2025-01-01T04:15:00+00:00,PT15M,Natural Gas,335.81,7069.24
2025-01-01T04:15:00+00:00,PT15M,Solar,0.0,7069.24
2025-01-01T04:00:00+00:00,PT15M,Nuclear,3950.75,7066.99
2025-01-01T03:30:00+00:00,PT15M,Solar,0.0,7072.17
2025-01-01T03:30:00+00:00,PT15M,Other Fuel,0.0,7072.17
2025-01-01T03:30:00+00:00,PT15M,Wind Onshore,209.27,7072.17
2025-01-01T03:30:00+00:00,PT15M,Wind Offshore,2119.63,7072.17
2025-01-01T03:15:00+00:00,PT15M,Other Fuel,0.0,7090.1
2025-01-01T03:15:00+00:00,PT15M,Wind Offshore,2122.27,7090.1
2025-01-01T02:30:00+00:00,PT15M,Wind Offshore,2122.23,7107.79
2025-01-01T02:15:00+00:00,PT15M,Solar,0.0,7050.71
2025-01-01T02:00:00+00:00,PT15M,Solar,0.0,7029.98
2025-01-01T02:00:00+00:00,PT15M,Other Fuel,0.0,7029.98
2025-01-01T01:45:00+00:00,PT15M,Natural Gas,375.73,7023.93
2025-01-01T01:30:00+00:00,PT15M,Other,445.99,7064.34
2025-01-01T01:30:00+00:00,PT15M,Biofuels,0.0,7064.34
2025-01-01T01:30:00+00:00,PT15M,Wind Onshore,204.59,7064.34
2025-01-01T01:15:00+00:00,PT15M,Natural Gas,376.67,7133.6
2025-01-01T00:45:00+00:00,PT15M,Natural Gas,376.64,7039.47
2025-01-01T00:15:00+00:00,PT15M,Natural Gas,376.34,7063.19
2025-01-01T00:00:00+00:00,PT15M,Solar,0.0,7033.69
2025-01-01T00:00:00+00:00,PT15M,Other,458.8,7033.69
2025-01-01T00:00:00+00:00,PT15M,Other Fuel,0.0,7033.69
2025-01-01T00:00:00+00:00,PT15M,Biofuels,0.0,7033.69
2025-01-01T12:00:00+00:00,PT15M,Other Fuel,0.0,6955.95
2025-01-01T11:45:00+00:00,PT15M,Water,9.33,6991.65
2025-01-01T11:30:00+00:00,PT15M,Natural Gas,375.0,7023.78
2025-01-01T11:30:00+00:00,PT15M,Water,9.34,7023.78
2025-01-01T10:15:00+00:00,PT15M,Other Fuel,0.0,7157.24
2025-01-01T09:45:00+00:00,PT15M,Nuclear,3951.43,7021.49
2025-01-01T08:45:00+00:00,PT15M,Nuclear,3952.6,7071.27
2025-01-01T08:45:00+00:00,PT15M,Wind Onshore,200.83,7071.27
2025-01-01T08:30:00+00:00,PT15M,Nuclear,3952.56,7066.2
2025-01-01T08:30:00+00:00,PT15M,Solar,2.63,7066.2
2025-01-01T08:30:00+00:00,PT15M,Other,436.87,7066.2
2025-01-01T08:30:00+00:00,PT15M,Other Fuel,0.0,7066.2
2025-01-01T08:00:00+00:00,PT15M,Wind Offshore,2057.99,7032.98
2025-01-01T07:45:00+00:00,PT15M,Water,9.35,6984.95
2025-01-01T07:45:00+00:00,PT15M,Biofuels,0.0,6984.95
2025-01-01T07:30:00+00:00,PT15M,Other,444.95,7047.25
2025-01-01T07:15:00+00:00,PT15M,Nuclear,3952.11,7069.97
2025-01-01T07:00:00+00:00,PT15M,Wind Onshore,212.16,7077.74
2025-01-01T06:15:00+00:00,PT15M,Nuclear,3951.19,7072.92
2025-01-01T06:15:00+00:00,PT15M,Other,440.75,7072.92
2025-01-01T06:00:00+00:00,PT15M,Biofuels,0.0,7063.31
2025-01-01T05:45:00+00:00,PT15M,Nuclear,3951.95,7079.72
2025-01-01T05:30:00+00:00,PT15M,Nuclear,3952.34,7073.55
2025-01-01T05:15:00+00:00,PT15M,Natural Gas,337.19,7068.29
2025-01-01T05:15:00+00:00,PT15M,Wind Onshore,208.91,7068.29
2025-01-01T05:00:00+00:00,PT15M,Natural Gas,336.0,7063.21
2025-01-01T05:00:00+00:00,PT15M,Solar,0.0,7063.21
2025-01-01T05:00:00+00:00,PT15M,Biofuels,0.0,7063.21
2025-01-01T05:00:00+00:00,PT15M,Wind Onshore,207.88,7063.21
2025-01-01T04:45:00+00:00,PT15M,Natural Gas,335.44,7065.74
2025-01-01T04:45:00+00:00,PT15M,Nuclear,3952.36,7065.74
2025-01-01T04:45:00+00:00,PT15M,Solar,0.0,7065.74
2025-01-01T04:45:00+00:00,PT15M,Other Fuel,0.0,7065.74
2025-01-01T04:30:00+00:00,PT15M,Wind Offshore,2119.5,7068.4
2025-01-01T04:15:00+00:00,PT15M,Water,8.39,7069.24
2025-01-01T04:15:00+00:00,PT15M,Nuclear,3950.86,7069.24
2025-01-01T04:15:00+00:00,PT15M,Other Fuel,0.0,7069.24
2025-01-01T04:00:00+00:00,PT15M,Solar,0.0,7066.99
2025-01-01T03:45:00+00:00,PT15M,Other Fuel,0.0,7069.08
2025-01-01T03:30:00+00:00,PT15M,Other,445.58,7072.17
2025-01-01T03:15:00+00:00,PT15M,Water,8.46,7090.1
2025-01-01T03:00:00+00:00,PT15M,Other,443.14,7111.67
2025-01-01T03:00:00+00:00,PT15M,Wind Onshore,213.17,7111.67
2025-01-01T03:00:00+00:00,PT15M,Wind Offshore,2119.7,7111.67
2025-01-01T02:45:00+00:00,PT15M,Wind Onshore,208.73,7108.68
2025-01-01T02:15:00+00:00,PT15M,Natural Gas,376.08,7050.71
2025-01-01T02:15:00+00:00,PT15M,Nuclear,3952.71,7050.71
2025-01-01T02:00:00+00:00,PT15M,Natural Gas,375.9,7029.98
2025-01-01T02:00:00+00:00,PT15M,Wind Onshore,203.09,7029.98
2025-01-01T01:45:00+00:00,PT15M,Wind Offshore,2035.85,7023.93
2025-01-01T01:30:00+00:00,PT15M,Natural Gas,376.39,7064.34
2025-01-01T01:30:00+00:00,PT15M,Wind Offshore,2076.62,7064.34
2025-01-01T01:15:00+00:00,PT15M,Other Fuel,0.0,7133.6
2025-01-01T01:00:00+00:00,PT15M,Nuclear,3951.41,7103.58
2025-01-01T00:45:00+00:00,PT15M,Other,444.64,7039.47
2025-01-01T00:30:00+00:00,PT15M,Solar,0.0,7056.91
2025-01-01T00:15:00+00:00,PT15M,Biofuels,0.0,7063.19
2025-01-01T00:00:00+00:00,PT15M,Water,8.51,7033.69
2025-01-01T23:45:00+00:00,PT15M,Water,8.39,5353.5
2025-01-01T23:45:00+00:00,PT15M,Nuclear,3956.39,5353.5
2025-01-01T23:45:00+00:00,PT15M,Other Fuel,0.0,5353.5
2025-01-01T23:45:00+00:00,PT15M,Biofuels,0.0,5353.5
2025-01-01T23:30:00+00:00,PT15M,Natural Gas,374.79,5634.24
2025-01-01T23:30:00+00:00,PT15M,Solar,0.0,5634.24
2025-01-01T23:30:00+00:00,PT15M,Biofuels,0.0,5634.24
2025-01-01T23:30:00+00:00,PT15M,Wind Offshore,794.33,5634.24
2025-01-01T23:15:00+00:00,PT15M,Nuclear,3954.87,5962.45
2025-01-01T23:15:00+00:00,PT15M,Solar,0.0,5962.45
2025-01-01T23:00:00+00:00,PT15M,Water,8.46,6192.71
2025-01-01T23:00:00+00:00,PT15M,Solar,0.0,6192.71
2025-01-01T23:00:00+00:00,PT15M,Other Fuel,0.0,6192.71
2025-01-01T23:00:00+00:00,PT15M,Biofuels,0.0,6192.71
2025-01-01T22:45:00+00:00,PT15M,Nuclear,3955.74,6418.77
2025-01-01T22:45:00+00:00,PT15M,Solar,0.0,6418.77
2025-01-01T22:45:00+00:00,PT15M,Other Fuel,0.0,6418.77
2025-01-01T22:45:00+00:00,PT15M,Wind Onshore,82.16,6418.77
2025-01-01T22:45:00+00:00,PT15M,Wind Offshore,1568.67,6418.77
2025-01-01T22:30:00+00:00,PT15M,Natural Gas,373.82,6636.5
2025-01-01T22:30:00+00:00,PT15M,Other Fuel,0.0,6636.5
2025-01-01T22:15:00+00:00,PT15M,Nuclear,3953.99,6872.44
2025-01-01T22:15:00+00:00,PT15M,Other,432.76,6872.44
2025-01-01T22:00:00+00:00,PT15M,Water,8.43,6846.8
2025-01-01T22:00:00+00:00,PT15M,Other,434.37,6846.8
2025-01-01T22:00:00+00:00,PT15M,Other Fuel,0.0,6846.8
2025-01-01T21:45:00+00:00,PT15M,Biofuels,0.0,6823.85
2025-01-01T21:45:00+00:00,PT15M,Wind Offshore,1848.23,6823.85
2025-01-01T21:30:00+00:00,PT15M,Natural Gas,391.43,6679.46
2025-01-01T21:30:00+00:00,PT15M,Wind Onshore,118.67,6679.46
2025-01-01T21:15:00+00:00,PT15M,Water,8.46,6850.28
2025-01-01T21:15:00+00:00,PT15M,Solar,0.0,6850.28
2025-01-01T21:15:00+00:00,PT15M,Other Fuel,0.0,6850.28
2025-01-01T21:00:00+00:00,PT15M,Natural Gas,383.31,6927.43
2025-01-01T21:00:00+00:00,PT15M,Water,28.12,6927.43
2025-01-01T21:00:00+00:00,PT15M,Nuclear,3952.44,6927.43
2025-01-01T21:00:00+00:00,PT15M,Solar,0.0,6927.43
2025-01-01T21:00:00+00:00,PT15M,Wind Offshore,1999.22,6927.43
2025-01-01T20:45:00+00:00,PT15M,Natural Gas,383.33,7213.66
2025-01-01T20:45:00+00:00,PT15M,Nuclear,3953.53,7213.66
2025-01-01T20:45:00+00:00,PT15M,Other,428.84,7213.66
2025-01-01T20:45:00+00:00,PT15M,Other Fuel,0.0,7213.66
2025-01-01T20:45:00+00:00,PT15M,Wind Offshore,2012.55,7213.66
2025-01-01T20:30:00+00:00,PT15M,Natural Gas,385.77,7296.98
2025-01-01T20:30:00+00:00,PT15M,Other,430.72,7296.98
2025-01-01T20:30:00+00:00,PT15M,Wind Onshore,169.96,7296.98
2025-01-01T20:15:00+00:00,PT15M,Water,321.81,7317.41
2025-01-01T20:15:00+00:00,PT15M,Solar,0.0,7317.41
2025-01-01T20:00:00+00:00,PT15M,Natural Gas,384.9,7317.68
2025-01-01T20:00:00+00:00,PT15M,Other Fuel,0.0,7317.68
2025-01-01T20:00:00+00:00,PT15M,Wind Offshore,2067.99,7317.68
2025-01-01T19:45:00+00:00,PT15M,Natural Gas,384.5,7139.2
2025-01-01T19:45:00+00:00,PT15M,Solar,0.0,7139.2
2025-01-01T19:30:00+00:00,PT15M,Natural Gas,418.3,7044.48
2025-01-01T19:30:00+00:00,PT15M,Water,109.0,7044.48
2025-01-01T19:30:00+00:00,PT15M,Other,436.89,7044.48
2025-01-01T19:30:00+00:00,PT15M,Biofuels,0.0,7044.48
2025-01-01T19:30:00+00:00,PT15M,Wind Offshore,1960.07,7044.48
2025-01-01T19:15:00+00:00,PT15M,Natural Gas,466.99,7020.53
2025-01-01T19:15:00+00:00,PT15M,Biofuels,0.0,7020.53
2025-01-01T19:15:00+00:00,PT15M,Wind Offshore,1860.61,7020.53
2025-01-01T19:00:00+00:00,PT15M,Water,242.33,6932.19
2025-01-01T19:00:00+00:00,PT15M,Biofuels,0.0,6932.19
2025-01-01T19:00:00+00:00,PT15M,Wind Offshore,1629.12,6932.19
2025-01-01T18:45:00+00:00,PT15M,Natural Gas,544.74,7359.21
2025-01-01T18:45:00+00:00,PT15M,Solar,0.0,7359.21
2025-01-01T18:30:00+00:00,PT15M,Natural Gas,493.82,7158.34
2025-01-01T18:30:00+00:00,PT15M,Nuclear,3953.23,7158.34
2025-01-01T18:15:00+00:00,PT15M,Natural Gas,482.02,7167.85
2025-01-01T18:15:00+00:00,PT15M,Nuclear,3953.57,7167.85
2025-01-01T18:15:00+00:00,PT15M,Biofuels,0.0,7167.85
2025-01-01T18:00:00+00:00,PT15M,Natural Gas,442.35,7057.93
2025-01-01T18:00:00+00:00,PT15M,Water,444.24,7057.93
2025-01-01T18:00:00+00:00,PT15M,Solar,0.0,7057.93
2025-01-01T18:00:00+00:00,PT15M,Other,470.89,7057.93
2025-01-01T17:30:00+00:00,PT15M,Water,102.2,6644.26
2025-01-01T17:30:00+00:00,PT15M,Nuclear,3952.98,6644.26
2025-01-01T17:30:00+00:00,PT15M,Other Fuel,0.0,6644.26
2025-01-01T17:30:00+00:00,PT15M,Wind Offshore,1575.76,6644.26
2025-01-01T17:00:00+00:00,PT15M,Other Fuel,0.0,6642.59
2025-01-01T17:00:00+00:00,PT15M,Biofuels,0.0,6642.59
2025-01-01T17:00:00+00:00,PT15M,Wind Onshore,193.52,6642.59
2025-01-01T16:45:00+00:00,PT15M,Natural Gas,370.27,6886.86
2025-01-01T16:45:00+00:00,PT15M,Water,9.33,6886.86
2025-01-01T16:45:00+00:00,PT15M,Solar,0.0,6886.86
2025-01-01T16:45:00+00:00,PT15M,Other,432.66,6886.86
2025-01-01T16:30:00+00:00,PT15M,Water,9.33,6748.96
2025-01-01T16:30:00+00:00,PT15M,Other,440.76,6748.96
2025-01-01T16:30:00+00:00,PT15M,Other Fuel,0.0,6748.96
2025-01-01T16:15:00+00:00,PT15M,Natural Gas,404.68,6759.16
2025-01-01T16:15:00+00:00,PT15M,Solar,0.0,6759.16
2025-01-01T16:15:00+00:00,PT15M,Other Fuel,0.0,6759.16
2025-01-01T16:15:00+00:00,PT15M,Biofuels,0.0,6759.16
2025-01-01T16:00:00+00:00,PT15M,Natural Gas,417.81,6819.41
2025-01-01T16:00:00+00:00,PT15M,Solar,0.0,6819.41
2025-01-01T16:00:00+00:00,PT15M,Other Fuel,0.0,6819.41
2025-01-01T16:00:00+00:00,PT15M,Wind Onshore,207.16,6819.41
2025-01-01T15:45:00+00:00,PT15M,Biofuels,0.0,6928.8
2025-01-01T15:30:00+00:00,PT15M,Natural Gas,370.14,6899.09
2025-01-01T15:30:00+00:00,PT15M,Other,448.46,6899.09
2025-01-01T15:30:00+00:00,PT15M,Wind Offshore,1830.74,6899.09
2025-01-01T15:15:00+00:00,PT15M,Water,10.15,6943.35
2025-01-01T15:15:00+00:00,PT15M,Nuclear,3956.07,6943.35
2025-01-01T15:15:00+00:00,PT15M,Other,443.99,6943.35
2025-01-01T15:15:00+00:00,PT15M,Wind Offshore,1921.11,6943.35
2025-01-01T15:00:00+00:00,PT15M,Natural Gas,428.56,6912.84
2025-01-01T15:00:00+00:00,PT15M,Wind Offshore,1857.15,6912.84
2025-01-01T14:45:00+00:00,PT15M,Solar,0.71,6878.57
2025-01-01T14:45:00+00:00,PT15M,Other,461.51,6878.57
2025-01-01T14:45:00+00:00,PT15M,Other Fuel,0.0,6878.57
2025-01-01T14:45:00+00:00,PT15M,Wind Offshore,1843.28,6878.57
2025-01-01T14:30:00+00:00,PT15M,Water,10.39,6991.57
2025-01-01T14:30:00+00:00,PT15M,Nuclear,3956.05,6991.57
2025-01-01T14:30:00+00:00,PT15M,Wind Offshore,1982.23,6991.57
2025-01-01T14:15:00+00:00,PT15M,Water,10.53,6929.87
2025-01-01T14:15:00+00:00,PT15M,Nuclear,3955.02,6929.87
2025-01-01T14:15:00+00:00,PT15M,Other,442.08,6929.87
2025-01-01T14:15:00+00:00,PT15M,Other Fuel,0.0,6929.87
2025-01-01T14:15:00+00:00,PT15M,Biofuels,0.0,6929.87
2025-01-01T14:15:00+00:00,PT15M,Wind Onshore,198.83,6929.87
2025-01-01T14:00:00+00:00,PT15M,Natural Gas,372.39,6951.89
2025-01-01T14:00:00+00:00,PT15M,Nuclear,3955.08,6951.89
2025-01-01T13:45:00+00:00,PT15M,Other,444.4,6948.27
2025-01-01T13:30:00+00:00,PT15M,Natural Gas,373.37,6925.6
2025-01-01T13:30:00+00:00,PT15M,Solar,1.65,6925.6
2025-01-01T13:30:00+00:00,PT15M,Other,439.7,6925.6
2025-01-01T13:30:00+00:00,PT15M,Biofuels,0.0,6925.6
2025-01-01T13:30:00+00:00,PT15M,Wind Offshore,1944.04,6925.6
2025-01-01T13:15:00+00:00,PT15M,Natural Gas,373.61,6996.54
2025-01-01T13:15:00+00:00,PT15M,Other,444.09,6996.54
2025-01-01T13:00:00+00:00,PT15M,Solar,2.51,6991.28
2025-01-01T13:00:00+00:00,PT15M,Wind Onshore,204.9,6991.28
2025-01-01T12:45:00+00:00,PT15M,Solar,3.24,6996.15
2025-01-01T12:45:00+00:00,PT15M,Other Fuel,0.0,6996.15
2025-01-01T12:30:00+00:00,PT15M,Nuclear,3949.85,6979.4
2025-01-01T12:30:00+00:00,PT15M,Other,435.81,6979.4
2025-01-01T12:30:00+00:00,PT15M,Wind Offshore,2003.11,6979.4
2025-01-01T12:00:00+00:00,PT15M,Natural Gas,373.82,6955.95
2025-01-01T12:00:00+00:00,PT15M,Water,9.33,6955.95
2025-01-01T12:00:00+00:00,PT15M,Wind Offshore,1975.33,6955.95
2025-01-01T11:45:00+00:00,PT15M,Nuclear,3948.8,6991.65
2025-01-01T11:30:00+00:00,PT15M,Solar,3.87,7023.78
2025-01-01T11:30:00+00:00,PT15M,Biofuels,0.0,7023.78
2025-01-01T11:00:00+00:00,PT15M,Natural Gas,375.37,7076.69
2025-01-01T10:45:00+00:00,PT15M,Other Fuel,0.0,7071.27
2025-01-01T10:45:00+00:00,PT15M,Wind Offshore,2072.12,7071.27
2025-01-01T10:30:00+00:00,PT15M,Nuclear,3951.59,7096.3
2025-01-01T10:30:00+00:00,PT15M,Other Fuel,0.0,7096.3
2025-01-01T10:00:00+00:00,PT15M,Other,443.25,7077.29
2025-01-01T10:00:00+00:00,PT15M,Biofuels,0.0,7077.29
2025-01-01T09:15:00+00:00,PT15M,Other,462.72,7016.83
2025-01-01T09:15:00+00:00,PT15M,Wind Onshore,199.24,7016.83
2025-01-01T09:15:00+00:00,PT15M,Wind Offshore,2053.04,7016.83
2025-01-01T09:00:00+00:00,PT15M,Biofuels,0.0,6961.57
2025-01-01T08:45:00+00:00,PT15M,Other,445.25,7071.27
2025-01-01T08:15:00+00:00,PT15M,Natural Gas,337.4,7038.52
2025-01-01T08:15:00+00:00,PT15M,Solar,2.01,7038.52
2025-01-01T08:15:00+00:00,PT15M,Other,441.75,7038.52
2025-01-01T08:15:00+00:00,PT15M,Biofuels,0.0,7038.52
2025-01-01T08:00:00+00:00,PT15M,Other Fuel,0.0,7032.98
2025-01-01T07:30:00+00:00,PT15M,Water,9.37,7047.25
2025-01-01T07:30:00+00:00,PT15M,Wind Offshore,2090.42,7047.25
2025-01-01T07:15:00+00:00,PT15M,Other Fuel,0.0,7069.97
2025-01-01T07:00:00+00:00,PT15M,Nuclear,3950.04,7077.74
2025-01-01T07:00:00+00:00,PT15M,Other Fuel,0.0,7077.74
2025-01-01T07:00:00+00:00,PT15M,Biofuels,0.0,7077.74
2025-01-01T06:45:00+00:00,PT15M,Other,441.14,7070.79
2025-01-01T06:45:00+00:00,PT15M,Other Fuel,0.0,7070.79
2025-01-01T06:45:00+00:00,PT15M,Biofuels,0.0,7070.79
2025-01-01T06:45:00+00:00,PT15M,Wind Onshore,213.81,7070.79
2025-01-01T06:45:00+00:00,PT15M,Wind Offshore,2119.43,7070.79
2025-01-01T06:30:00+00:00,PT15M,Other,441.04,7078.23
2025-01-01T06:30:00+00:00,PT15M,Other Fuel,0.0,7078.23
2025-01-01T06:30:00+00:00,PT15M,Wind Onshore,213.01,7078.23
2025-01-01T06:15:00+00:00,PT15M,Wind Offshore,2124.38,7072.92
2025-01-01T05:45:00+00:00,PT15M,Natural Gas,336.96,7079.72
2025-01-01T05:45:00+00:00,PT15M,Wind Onshore,211.04,7079.72
2025-01-02T15:45:00+00:00,PT15M,Solar,0.02,7430.23
2025-01-02T15:45:00+00:00,PT15M,Other Fuel,0.0,7430.23
2025-01-02T15:45:00+00:00,PT15M,Wind Onshore,22.79,7430.23
2025-01-02T15:30:00+00:00,PT15M,Natural Gas,1257.38,7200.32
2025-01-02T15:30:00+00:00,PT15M,Wind Onshore,15.1,7200.32
2025-01-02T15:15:00+00:00,PT15M,Water,446.29,7120.15
2025-01-02T15:15:00+00:00,PT15M,Other,426.81,7120.15
2025-01-02T15:15:00+00:00,PT15M,Wind Onshore,14.33,7120.15
2025-01-02T15:15:00+00:00,PT15M,Wind Offshore,1056.4,7120.15
2025-01-02T15:00:00+00:00,PT15M,Other,428.98,7029.21
2025-01-02T15:00:00+00:00,PT15M,Other Fuel,0.0,7029.21
2025-01-02T15:00:00+00:00,PT15M,Biofuels,0.0,7029.21
2025-01-02T15:00:00+00:00,PT15M,Wind Offshore,1098.09,7029.21
2025-01-02T14:45:00+00:00,PT15M,Water,9.73,6683.37
2025-01-02T14:45:00+00:00,PT15M,Other,422.6,6683.37
2025-01-02T14:45:00+00:00,PT15M,Biofuels,0.0,6683.37
2025-01-02T14:45:00+00:00,PT15M,Wind Onshore,20.46,6683.37
2025-01-02T14:30:00+00:00,PT15M,Nuclear,3964.68,6668.71
2025-01-02T14:30:00+00:00,PT15M,Solar,3.33,6668.71
2025-01-02T14:30:00+00:00,PT15M,Wind Onshore,14.96,6668.71
2025-01-02T14:15:00+00:00,PT15M,Other,425.43,6514.81
2025-01-02T14:00:00+00:00,PT15M,Water,9.72,6383.34
2025-01-02T14:00:00+00:00,PT15M,Wind Onshore,14.28,6383.34
2025-01-02T13:45:00+00:00,PT15M,Other,434.0,6383.41
2025-01-02T13:45:00+00:00,PT15M,Other Fuel,0.0,6383.41
2025-01-02T13:45:00+00:00,PT15M,Wind Onshore,22.09,6383.41
2025-01-02T13:30:00+00:00,PT15M,Water,6.85,6361.88
2025-01-02T13:30:00+00:00,PT15M,Nuclear,3957.82,6361.88
2025-01-02T13:30:00+00:00,PT15M,Other,443.22,6361.88
2025-01-02T13:30:00+00:00,PT15M,Wind Offshore,670.05,6361.88
2025-01-02T13:15:00+00:00,PT15M,Solar,15.65,6333.37
2025-01-02T13:15:00+00:00,PT15M,Biofuels,0.0,6333.37
2025-01-02T13:00:00+00:00,PT15M,Water,3.08,6485.06
2025-01-02T13:00:00+00:00,PT15M,Nuclear,3957.9,6485.06
2025-01-02T13:00:00+00:00,PT15M,Other,425.75,6485.06
2025-01-02T12:45:00+00:00,PT15M,Wind Offshore,816.72,6490.5
2025-01-02T12:30:00+00:00,PT15M,Natural Gas,1297.65,6546.61
2025-01-02T12:30:00+00:00,PT15M,Nuclear,3958.5,6546.61
2025-01-02T12:15:00+00:00,PT15M,Natural Gas,1246.27,6347.81
2025-01-02T12:15:00+00:00,PT15M,Water,3.03,6347.81
2025-01-02T12:15:00+00:00,PT15M,Biofuels,0.0,6347.81
2025-01-02T12:15:00+00:00,PT15M,Wind Offshore,699.13,6347.81
2025-01-02T12:00:00+00:00,PT15M,Nuclear,3959.91,6168.31
2025-01-02T11:45:00+00:00,PT15M,Other,423.46,6130.36
2025-01-02T11:30:00+00:00,PT15M,Water,3.03,5948.56
2025-01-02T11:15:00+00:00,PT15M,Natural Gas,1079.15,5799.23
2025-01-02T11:15:00+00:00,PT15M,Nuclear,3961.58,5799.23
2025-01-02T11:15:00+00:00,PT15M,Other Fuel,0.0,5799.23
2025-01-02T11:15:00+00:00,PT15M,Wind Offshore,298.33,5799.23
2025-01-02T11:00:00+00:00,PT15M,Water,3.04,5769.27
2025-01-02T11:00:00+00:00,PT15M,Nuclear,3961.5,5769.27
2025-01-02T11:00:00+00:00,PT15M,Other,455.74,5769.27
2025-01-02T11:00:00+00:00,PT15M,Other Fuel,0.0,5769.27
2025-01-02T11:00:00+00:00,PT15M,Wind Offshore,286.15,5769.27
2025-01-02T10:45:00+00:00,PT15M,Nuclear,3962.47,5678.31
2025-01-02T10:30:00+00:00,PT15M,Natural Gas,971.61,5768.99
2025-01-02T10:30:00+00:00,PT15M,Wind Onshore,7.22,5768.99
2025-01-02T10:15:00+00:00,PT15M,Water,5.0,5806.11
2025-01-02T10:15:00+00:00,PT15M,Nuclear,3963.22,5806.11
2025-01-02T10:15:00+00:00,PT15M,Other Fuel,0.0,5806.11
2025-01-02T10:00:00+00:00,PT15M,Nuclear,3961.24,5757.93
2025-01-02T10:00:00+00:00,PT15M,Other,436.68,5757.93
2025-01-02T10:00:00+00:00,PT15M,Biofuels,0.0,5757.93
2025-01-02T10:00:00+00:00,PT15M,Wind Offshore,360.9,5757.93
2025-01-02T09:45:00+00:00,PT15M,Natural Gas,961.12,5691.88
2025-01-02T09:45:00+00:00,PT15M,Nuclear,3962.33,5691.88
2025-01-02T09:45:00+00:00,PT15M,Other,433.11,5691.88
2025-01-02T09:45:00+00:00,PT15M,Biofuels,0.0,5691.88
2025-01-02T09:30:00+00:00,PT15M,Natural Gas,914.74,5715.05
2025-01-02T09:30:00+00:00,PT15M,Water,9.82,5715.05
2025-01-02T09:30:00+00:00,PT15M,Wind Offshore,359.43,5715.05
2025-01-02T09:15:00+00:00,PT15M,Natural Gas,898.91,5783.24
2025-01-02T09:15:00+00:00,PT15M,Nuclear,3964.04,5783.24
2025-01-02T09:15:00+00:00,PT15M,Other Fuel,0.0,5783.24
2025-01-02T09:15:00+00:00,PT15M,Biofuels,0.0,5783.24
2025-01-02T09:00:00+00:00,PT15M,Natural Gas,897.56,5827.56
2025-01-02T09:00:00+00:00,PT15M,Water,9.75,5827.56
2025-01-02T09:00:00+00:00,PT15M,Nuclear,3964.61,5827.56
2025-01-02T09:00:00+00:00,PT15M,Solar,4.37,5827.56
2025-01-02T08:45:00+00:00,PT15M,Biofuels,0.0,5807.65
2025-01-02T08:45:00+00:00,PT15M,Wind Onshore,12.99,5807.65
2025-01-02T08:30:00+00:00,PT15M,Natural Gas,897.98,5814.17
2025-01-02T08:15:00+00:00,PT15M,Natural Gas,896.61,5793.52
2025-01-02T08:15:00+00:00,PT15M,Water,9.78,5793.52
2025-01-02T08:15:00+00:00,PT15M,Other Fuel,0.0,5793.52
2025-01-02T08:15:00+00:00,PT15M,Biofuels,0.0,5793.52
2025-01-02T08:00:00+00:00,PT15M,Water,9.7,5746.16
2025-01-02T08:00:00+00:00,PT15M,Solar,0.17,5746.16
2025-01-02T08:00:00+00:00,PT15M,Other Fuel,0.0,5746.16
2025-01-02T08:00:00+00:00,PT15M,Biofuels,0.0,5746.16
2025-01-02T07:30:00+00:00,PT15M,Natural Gas,798.05,5660.26
2025-01-02T07:30:00+00:00,PT15M,Nuclear,3962.27,5660.26
2025-01-02T07:30:00+00:00,PT15M,Wind Onshore,15.99,5660.26
2025-01-02T07:15:00+00:00,PT15M,Natural Gas,797.9,5621.4
2025-01-02T07:15:00+00:00,PT15M,Water,9.67,5621.4
2025-01-02T07:15:00+00:00,PT15M,Nuclear,3962.42,5621.4
2025-01-02T07:15:00+00:00,PT15M,Other Fuel,0.0,5621.4
2025-01-02T07:00:00+00:00,PT15M,Other Fuel,0.0,5507.92
2025-01-02T07:00:00+00:00,PT15M,Biofuels,0.0,5507.92
2025-01-02T07:00:00+00:00,PT15M,Wind Offshore,346.88,5507.92
2025-01-02T06:45:00+00:00,PT15M,Natural Gas,614.77,5364.47
2025-01-02T06:45:00+00:00,PT15M,Biofuels,0.0,5364.47
2025-01-02T06:30:00+00:00,PT15M,Natural Gas,567.11,5273.64
2025-01-02T06:30:00+00:00,PT15M,Nuclear,3964.66,5273.64
2025-01-02T06:30:00+00:00,PT15M,Wind Onshore,13.56,5273.64
2025-01-02T06:30:00+00:00,PT15M,Wind Offshore,271.08,5273.64
2025-01-02T06:15:00+00:00,PT15M,Water,8.77,5203.98
2025-01-02T06:15:00+00:00,PT15M,Nuclear,3963.93,5203.98
2025-01-02T06:15:00+00:00,PT15M,Other,445.05,5203.98
2025-01-02T06:15:00+00:00,PT15M,Other Fuel,0.0,5203.98
2025-01-02T06:15:00+00:00,PT15M,Wind Offshore,255.44,5203.98
2025-01-02T06:00:00+00:00,PT15M,Solar,0.0,5177.63
2025-01-02T05:45:00+00:00,PT15M,Nuclear,3965.15,5148.57
2025-01-02T05:45:00+00:00,PT15M,Other,441.88,5148.57
2025-01-02T05:45:00+00:00,PT15M,Other Fuel,0.0,5148.57
2025-01-02T05:30:00+00:00,PT15M,Water,8.69,5155.42
2025-01-02T05:30:00+00:00,PT15M,Nuclear,3966.47,5155.42
2025-01-02T05:30:00+00:00,PT15M,Wind Offshore,262.49,5155.42
2025-01-02T05:15:00+00:00,PT15M,Solar,0.0,5143.62
2025-01-02T05:15:00+00:00,PT15M,Wind Onshore,17.31,5143.62
2025-01-02T05:15:00+00:00,PT15M,Wind Offshore,268.44,5143.62
2025-01-02T05:00:00+00:00,PT15M,Natural Gas,402.25,5121.2
2025-01-02T05:00:00+00:00,PT15M,Wind Onshore,18.82,5121.2
2025-01-02T05:00:00+00:00,PT15M,Wind Offshore,294.83,5121.2
2025-01-02T04:45:00+00:00,PT15M,Other Fuel,0.0,5166.27
2025-01-02T04:45:00+00:00,PT15M,Biofuels,0.0,5166.27
2025-01-02T04:30:00+00:00,PT15M,Solar,0.0,5136.16
2025-01-02T04:30:00+00:00,PT15M,Wind Onshore,7.91,5136.16
2025-01-02T04:30:00+00:00,PT15M,Wind Offshore,323.02,5136.16
2025-01-02T04:15:00+00:00,PT15M,Natural Gas,399.25,5148.06
2025-01-02T04:15:00+00:00,PT15M,Water,8.62,5148.06
2025-01-02T04:15:00+00:00,PT15M,Nuclear,3966.19,5148.06
2025-01-02T04:15:00+00:00,PT15M,Solar,0.0,5148.06
2025-01-02T04:15:00+00:00,PT15M,Other Fuel,0.0,5148.06
2025-01-02T04:15:00+00:00,PT15M,Biofuels,0.0,5148.06
2025-01-02T04:00:00+00:00,PT15M,Other Fuel,0.0,5155.24
2025-01-02T03:45:00+00:00,PT15M,Other,432.06,5142.25
2025-01-02T03:45:00+00:00,PT15M,Wind Offshore,340.74,5142.25
2025-01-02T03:30:00+00:00,PT15M,Natural Gas,370.67,5058.51
2025-01-02T03:30:00+00:00,PT15M,Nuclear,3964.41,5058.51
2025-01-02T03:30:00+00:00,PT15M,Other,430.26,5058.51
2025-01-02T03:30:00+00:00,PT15M,Biofuels,0.0,5058.51
2025-01-02T03:30:00+00:00,PT15M,Wind Onshore,9.38,5058.51
2025-01-02T03:15:00+00:00,PT15M,Other,427.9,5054.41
2025-01-02T03:15:00+00:00,PT15M,Other Fuel,0.0,5054.41
2025-01-02T03:15:00+00:00,PT15M,Wind Offshore,274.98,5054.41
2025-01-02T03:00:00+00:00,PT15M,Natural Gas,370.08,5168.2
2025-01-02T03:00:00+00:00,PT15M,Other Fuel,0.0,5168.2
2025-01-02T03:00:00+00:00,PT15M,Biofuels,0.0,5168.2
2025-01-02T03:00:00+00:00,PT15M,Wind Offshore,384.21,5168.2
2025-01-02T02:45:00+00:00,PT15M,Solar,0.0,5183.28
2025-01-02T02:45:00+00:00,PT15M,Other,430.61,5183.28
2025-01-02T02:45:00+00:00,PT15M,Wind Offshore,393.12,5183.28
2025-01-02T02:30:00+00:00,PT15M,Natural Gas,386.22,5093.79
2025-01-02T02:30:00+00:00,PT15M,Water,8.53,5093.79
2025-01-02T02:30:00+00:00,PT15M,Nuclear,3962.83,5093.79
2025-01-02T02:30:00+00:00,PT15M,Other Fuel,0.0,5093.79
2025-01-02T02:30:00+00:00,PT15M,Biofuels,0.0,5093.79
2025-01-02T02:15:00+00:00,PT15M,Solar,0.0,5086.46
2025-01-02T02:15:00+00:00,PT15M,Wind Onshore,15.46,5086.46
2025-01-02T02:00:00+00:00,PT15M,Natural Gas,395.26,5134.32
2025-01-02T02:00:00+00:00,PT15M,Nuclear,3961.01,5134.32
2025-01-02T23:45:00+00:00,PT15M,Natural Gas,597.44,5828.27
2025-01-02T23:45:00+00:00,PT15M,Water,8.84,5828.27
2025-01-02T23:45:00+00:00,PT15M,Nuclear,3963.93,5828.27
2025-01-02T23:45:00+00:00,PT15M,Solar,0.0,5828.27
2025-01-02T23:45:00+00:00,PT15M,Other Fuel,0.0,5828.27
2025-01-02T23:45:00+00:00,PT15M,Wind Offshore,765.54,5828.27
2025-01-02T23:30:00+00:00,PT15M,Water,8.84,5855.05
2025-01-02T23:30:00+00:00,PT15M,Biofuels,0.0,5855.05
2025-01-02T23:30:00+00:00,PT15M,Wind Offshore,776.93,5855.05
2025-01-02T23:15:00+00:00,PT15M,Natural Gas,756.36,6043.5
2025-01-02T23:15:00+00:00,PT15M,Water,8.85,6043.5
2025-01-02T23:15:00+00:00,PT15M,Nuclear,3962.87,6043.5
2025-01-02T23:15:00+00:00,PT15M,Other Fuel,0.0,6043.5
2025-01-02T23:15:00+00:00,PT15M,Wind Onshore,66.2,6043.5
2025-01-02T23:00:00+00:00,PT15M,Natural Gas,949.63,6277.97
2025-01-02T23:00:00+00:00,PT15M,Solar,0.0,6277.97
2025-01-02T23:00:00+00:00,PT15M,Biofuels,0.0,6277.97
2025-01-02T23:00:00+00:00,PT15M,Wind Onshore,59.38,6277.97
2025-01-02T23:00:00+00:00,PT15M,Wind Offshore,871.74,6277.97
2025-01-02T22:45:00+00:00,PT15M,Other,424.46,6595.67
2025-01-02T22:45:00+00:00,PT15M,Wind Onshore,63.46,6595.67
2025-01-02T22:30:00+00:00,PT15M,Nuclear,3962.65,6720.15
2025-01-02T22:30:00+00:00,PT15M,Biofuels,0.0,6720.15
2025-01-02T22:15:00+00:00,PT15M,Natural Gas,1424.78,6751.11
2025-01-02T22:15:00+00:00,PT15M,Solar,0.0,6751.11
2025-01-02T22:15:00+00:00,PT15M,Other,431.89,6751.11
2025-01-02T22:15:00+00:00,PT15M,Biofuels,0.0,6751.11
2025-01-02T22:15:00+00:00,PT15M,Wind Offshore,835.46,6751.11
2025-01-02T22:00:00+00:00,PT15M,Nuclear,3962.01,6631.91
2025-01-02T22:00:00+00:00,PT15M,Other Fuel,0.0,6631.91
2025-01-02T22:00:00+00:00,PT15M,Biofuels,0.0,6631.91
2025-01-02T21:45:00+00:00,PT15M,Natural Gas,1344.62,6675.24
2025-01-02T21:45:00+00:00,PT15M,Solar,0.0,6675.24
2025-01-02T21:45:00+00:00,PT15M,Other,457.2,6675.24
2025-01-02T21:30:00+00:00,PT15M,Wind Offshore,929.9,6761.28
2025-01-02T21:15:00+00:00,PT15M,Solar,0.0,6793.16
2025-01-02T21:00:00+00:00,PT15M,Natural Gas,1365.02,6793.29
2025-01-02T21:00:00+00:00,PT15M,Nuclear,3962.77,6793.29
2025-01-02T21:00:00+00:00,PT15M,Solar,0.0,6793.29
2025-01-02T21:00:00+00:00,PT15M,Other,429.1,6793.29
2025-01-02T21:00:00+00:00,PT15M,Biofuels,0.0,6793.29
2025-01-02T20:45:00+00:00,PT15M,Solar,0.0,6782.28
2025-01-02T20:45:00+00:00,PT15M,Other Fuel,0.0,6782.28
2025-01-02T20:45:00+00:00,PT15M,Biofuels,0.0,6782.28
2025-01-02T20:45:00+00:00,PT15M,Wind Onshore,61.47,6782.28
2025-01-02T20:45:00+00:00,PT15M,Wind Offshore,876.11,6782.28
2025-01-02T20:30:00+00:00,PT15M,Biofuels,0.0,6803.03
2025-01-02T20:15:00+00:00,PT15M,Natural Gas,1340.66,6795.99
2025-01-02T20:15:00+00:00,PT15M,Water,8.84,6795.99
2025-01-02T20:15:00+00:00,PT15M,Biofuels,0.0,6795.99
2025-01-02T20:00:00+00:00,PT15M,Natural Gas,1373.75,6878.21
2025-01-02T20:00:00+00:00,PT15M,Other,448.06,6878.21
2025-01-02T19:45:00+00:00,PT15M,Natural Gas,1461.18,7105.71
2025-01-02T19:45:00+00:00,PT15M,Nuclear,3961.43,7105.71
2025-01-02T19:45:00+00:00,PT15M,Other Fuel,0.0,7105.71
2025-01-02T19:30:00+00:00,PT15M,Natural Gas,1402.23,7054.45
2025-01-02T19:30:00+00:00,PT15M,Biofuels,0.0,7054.45
2025-01-02T19:15:00+00:00,PT15M,Solar,0.0,6929.32
2025-01-02T19:00:00+00:00,PT15M,Nuclear,3960.75,6954.19
2025-01-02T19:00:00+00:00,PT15M,Other Fuel,0.0,6954.19
2025-01-02T19:00:00+00:00,PT15M,Wind Offshore,1027.5,6954.19
2025-01-02T18:45:00+00:00,PT15M,Biofuels,0.0,7439.21
2025-01-02T18:45:00+00:00,PT15M,Wind Offshore,1095.18,7439.21
2025-01-02T18:30:00+00:00,PT15M,Water,583.34,7536.76
2025-01-02T18:15:00+00:00,PT15M,Natural Gas,1341.33,7613.85
2025-01-02T18:15:00+00:00,PT15M,Nuclear,3960.96,7613.85
2025-01-02T18:15:00+00:00,PT15M,Wind Offshore,1237.38,7613.85
2025-01-02T18:00:00+00:00,PT15M,Solar,0.0,7687.12
2025-01-02T18:00:00+00:00,PT15M,Other,474.21,7687.12
2025-01-02T18:00:00+00:00,PT15M,Other Fuel,0.0,7687.12
2025-01-02T18:00:00+00:00,PT15M,Wind Onshore,40.33,7687.12
2025-01-02T18:00:00+00:00,PT15M,Wind Offshore,1264.57,7687.12
2025-01-02T17:45:00+00:00,PT15M,Water,606.46,7620.19
2025-01-02T17:45:00+00:00,PT15M,Solar,0.0,7620.19
2025-01-02T17:45:00+00:00,PT15M,Other,432.22,7620.19
2025-01-02T17:45:00+00:00,PT15M,Wind Onshore,43.82,7620.19
2025-01-02T17:30:00+00:00,PT15M,Water,614.05,7634.36
2025-01-02T17:30:00+00:00,PT15M,Wind Offshore,1258.23,7634.36
2025-01-02T17:15:00+00:00,PT15M,Water,638.85,7774.7
2025-01-02T17:15:00+00:00,PT15M,Nuclear,3961.97,7774.7
2025-01-02T17:15:00+00:00,PT15M,Wind Offshore,1339.29,7774.7
2025-01-02T17:00:00+00:00,PT15M,Natural Gas,1438.14,7847.07
2025-01-02T17:00:00+00:00,PT15M,Solar,0.0,7847.07
2025-01-02T17:00:00+00:00,PT15M,Other,449.8,7847.07
2025-01-02T17:00:00+00:00,PT15M,Wind Onshore,42.0,7847.07
2025-01-02T16:45:00+00:00,PT15M,Solar,0.0,7658.5
2025-01-02T16:45:00+00:00,PT15M,Biofuels,0.0,7658.5
2025-01-02T16:30:00+00:00,PT15M,Other Fuel,0.0,7482.55
2025-01-02T16:30:00+00:00,PT15M,Biofuels,0.0,7482.55
2025-01-02T16:30:00+00:00,PT15M,Wind Onshore,30.6,7482.55
2025-01-02T16:30:00+00:00,PT15M,Wind Offshore,1069.31,7482.55
2025-01-02T16:15:00+00:00,PT15M,Solar,0.0,7557.84
2025-01-02T16:15:00+00:00,PT15M,Other,450.58,7557.84
2025-01-02T16:15:00+00:00,PT15M,Other Fuel,0.0,7557.84
2025-01-02T16:15:00+00:00,PT15M,Biofuels,0.0,7557.84
2025-01-02T16:15:00+00:00,PT15M,Wind Offshore,1156.42,7557.84
2025-01-02T15:45:00+00:00,PT15M,Natural Gas,1299.34,7430.23
2025-01-02T15:45:00+00:00,PT15M,Water,630.38,7430.23
2025-01-02T01:45:00+00:00,PT15M,Water,8.43,5150.47
2025-01-02T01:45:00+00:00,PT15M,Other,432.24,5150.47
2025-01-02T01:45:00+00:00,PT15M,Biofuels,0.0,5150.47
2025-01-02T01:30:00+00:00,PT15M,Water,8.42,5131.33
2025-01-02T01:30:00+00:00,PT15M,Other,428.24,5131.33
2025-01-02T01:30:00+00:00,PT15M,Biofuels,0.0,5131.33
2025-01-02T01:15:00+00:00,PT15M,Water,8.43,5066.42
2025-01-02T01:15:00+00:00,PT15M,Nuclear,3959.73,5066.42
2025-01-02T01:15:00+00:00,PT15M,Biofuels,0.0,5066.42
2025-01-02T01:15:00+00:00,PT15M,Wind Offshore,239.26,5066.42
2025-01-02T01:00:00+00:00,PT15M,Biofuels,0.0,5049.56
2025-01-02T01:00:00+00:00,PT15M,Wind Onshore,42.34,5049.56
2025-01-02T00:45:00+00:00,PT15M,Solar,0.0,5052.16
2025-01-02T00:45:00+00:00,PT15M,Other,433.91,5052.16
2025-01-02T00:45:00+00:00,PT15M,Wind Onshore,53.57,5052.16
2025-01-02T00:30:00+00:00,PT15M,Water,34.69,5182.22
2025-01-02T00:30:00+00:00,PT15M,Solar,0.0,5182.22
2025-01-02T00:30:00+00:00,PT15M,Other Fuel,0.0,5182.22
2025-01-02T00:30:00+00:00,PT15M,Biofuels,0.0,5182.22
2025-01-02T00:30:00+00:00,PT15M,Wind Offshore,265.0,5182.22
2025-01-02T00:15:00+00:00,PT15M,Other Fuel,0.0,5269.26
2025-01-02T00:15:00+00:00,PT15M,Biofuels,0.0,5269.26
2025-01-02T00:15:00+00:00,PT15M,Wind Offshore,310.84,5269.26
2025-01-02T00:00:00+00:00,PT15M,Natural Gas,427.81,5255.57
2025-01-02T00:00:00+00:00,PT15M,Water,23.13,5255.57
2025-01-02T00:00:00+00:00,PT15M,Other,454.65,5255.57
2025-01-02T23:45:00+00:00,PT15M,Other,429.63,5828.27
2025-01-02T23:30:00+00:00,PT15M,Natural Gas,617.85,5855.05
2025-01-02T23:30:00+00:00,PT15M,Other,428.49,5855.05
2025-01-02T23:30:00+00:00,PT15M,Other Fuel,0.0,5855.05
2025-01-02T23:30:00+00:00,PT15M,Wind Onshore,59.72,5855.05
2025-01-02T23:15:00+00:00,PT15M,Solar,0.0,6043.5
2025-01-02T23:15:00+00:00,PT15M,Biofuels,0.0,6043.5
2025-01-02T23:15:00+00:00,PT15M,Wind Offshore,822.29,6043.5
2025-01-02T23:00:00+00:00,PT15M,Nuclear,3962.69,6277.97
2025-01-02T23:00:00+00:00,PT15M,Other,425.69,6277.97
2025-01-02T23:00:00+00:00,PT15M,Other Fuel,0.0,6277.97
2025-01-02T22:45:00+00:00,PT15M,Natural Gas,1246.23,6595.67
2025-01-02T22:45:00+00:00,PT15M,Solar,0.0,6595.67
2025-01-02T22:45:00+00:00,PT15M,Other Fuel,0.0,6595.67
2025-01-02T22:45:00+00:00,PT15M,Wind Offshore,890.02,6595.67
2025-01-02T22:30:00+00:00,PT15M,Water,15.25,6720.15
2025-01-02T22:30:00+00:00,PT15M,Solar,0.0,6720.15
2025-01-02T22:30:00+00:00,PT15M,Other,430.96,6720.15
2025-01-02T22:30:00+00:00,PT15M,Wind Onshore,66.22,6720.15
2025-01-02T22:30:00+00:00,PT15M,Wind Offshore,883.55,6720.15
2025-01-02T22:15:00+00:00,PT15M,Water,40.41,6751.11
2025-01-02T22:15:00+00:00,PT15M,Nuclear,3962.25,6751.11
2025-01-02T22:15:00+00:00,PT15M,Other Fuel,0.0,6751.11
2025-01-02T22:15:00+00:00,PT15M,Wind Onshore,56.32,6751.11
2025-01-02T22:00:00+00:00,PT15M,Solar,0.0,6631.91
2025-01-02T22:00:00+00:00,PT15M,Other,453.26,6631.91
2025-01-02T22:00:00+00:00,PT15M,Wind Onshore,54.04,6631.91
2025-01-02T21:45:00+00:00,PT15M,Other Fuel,0.0,6675.24
2025-01-02T21:45:00+00:00,PT15M,Biofuels,0.0,6675.24
2025-01-02T21:45:00+00:00,PT15M,Wind Offshore,842.78,6675.24
2025-01-02T21:30:00+00:00,PT15M,Water,8.84,6761.28
2025-01-02T21:30:00+00:00,PT15M,Nuclear,3963.1,6761.28
2025-01-02T21:30:00+00:00,PT15M,Other Fuel,0.0,6761.28
2025-01-02T21:30:00+00:00,PT15M,Wind Onshore,61.6,6761.28
2025-01-02T21:15:00+00:00,PT15M,Natural Gas,1337.62,6793.16
2025-01-02T21:15:00+00:00,PT15M,Water,8.84,6793.16
2025-01-02T21:15:00+00:00,PT15M,Other,432.61,6793.16
2025-01-02T21:15:00+00:00,PT15M,Other Fuel,0.0,6793.16
2025-01-02T21:15:00+00:00,PT15M,Wind Offshore,980.41,6793.16
2025-01-02T20:45:00+00:00,PT15M,Water,76.1,6782.28
2025-01-02T20:45:00+00:00,PT15M,Nuclear,3962.55,6782.28
2025-01-02T20:30:00+00:00,PT15M,Natural Gas,1379.81,6803.03
2025-01-02T20:30:00+00:00,PT15M,Nuclear,3961.52,6803.03
2025-01-02T20:30:00+00:00,PT15M,Wind Onshore,55.01,6803.03
2025-01-02T20:15:00+00:00,PT15M,Other,455.38,6795.99
2025-01-02T20:15:00+00:00,PT15M,Other Fuel,0.0,6795.99
2025-01-02T20:15:00+00:00,PT15M,Wind Offshore,978.95,6795.99
2025-01-02T20:00:00+00:00,PT15M,Water,10.94,6878.21
2025-01-02T20:00:00+00:00,PT15M,Solar,0.0,6878.21
2025-01-02T20:00:00+00:00,PT15M,Wind Onshore,49.16,6878.21
2025-01-02T19:45:00+00:00,PT15M,Water,129.09,7105.71
2025-01-02T19:45:00+00:00,PT15M,Other,455.96,7105.71
2025-01-02T19:45:00+00:00,PT15M,Wind Offshore,1047.66,7105.71
2025-01-02T19:30:00+00:00,PT15M,Other,454.07,7054.45
2025-01-02T19:30:00+00:00,PT15M,Wind Onshore,46.69,7054.45
2025-01-02T19:15:00+00:00,PT15M,Natural Gas,1338.42,6929.32
2025-01-02T19:15:00+00:00,PT15M,Water,137.02,6929.32
2025-01-02T19:15:00+00:00,PT15M,Nuclear,3961.61,6929.32
2025-01-02T19:15:00+00:00,PT15M,Other,430.45,6929.32
2025-01-02T19:15:00+00:00,PT15M,Biofuels,0.0,6929.32
2025-01-02T19:00:00+00:00,PT15M,Other,431.58,6954.19
2025-01-02T19:00:00+00:00,PT15M,Biofuels,0.0,6954.19
2025-01-02T18:45:00+00:00,PT15M,Natural Gas,1335.65,7439.21
2025-01-02T18:45:00+00:00,PT15M,Nuclear,3960.58,7439.21
2025-01-02T18:45:00+00:00,PT15M,Other,430.09,7439.21
2025-01-02T18:45:00+00:00,PT15M,Other Fuel,0.0,7439.21
2025-01-02T18:45:00+00:00,PT15M,Wind Onshore,42.29,7439.21
2025-01-02T18:30:00+00:00,PT15M,Solar,0.0,7536.76
2025-01-02T18:30:00+00:00,PT15M,Other,432.31,7536.76
2025-01-02T18:30:00+00:00,PT15M,Other Fuel,0.0,7536.76
2025-01-02T18:30:00+00:00,PT15M,Wind Onshore,47.28,7536.76
2025-01-02T18:30:00+00:00,PT15M,Wind Offshore,1176.84,7536.76
2025-01-02T18:15:00+00:00,PT15M,Water,591.26,7613.85
2025-01-02T18:15:00+00:00,PT15M,Solar,0.0,7613.85
2025-01-02T18:15:00+00:00,PT15M,Biofuels,0.0,7613.85
2025-01-02T18:15:00+00:00,PT15M,Wind Onshore,41.07,7613.85
2025-01-02T18:00:00+00:00,PT15M,Natural Gas,1348.49,7687.12
2025-01-02T18:00:00+00:00,PT15M,Water,598.7,7687.12
2025-01-02T18:00:00+00:00,PT15M,Nuclear,3960.82,7687.12
2025-01-02T17:30:00+00:00,PT15M,Nuclear,3961.32,7634.36
2025-01-02T17:30:00+00:00,PT15M,Other,429.92,7634.36
2025-01-02T17:30:00+00:00,PT15M,Wind Onshore,34.95,7634.36
2025-01-02T17:15:00+00:00,PT15M,Wind Onshore,45.38,7774.7
2025-01-02T17:00:00+00:00,PT15M,Water,662.7,7847.07
2025-01-02T17:00:00+00:00,PT15M,Nuclear,3962.51,7847.07
2025-01-02T17:00:00+00:00,PT15M,Wind Offshore,1291.92,7847.07
2025-01-02T16:45:00+00:00,PT15M,Natural Gas,1396.06,7658.5
2025-01-02T16:45:00+00:00,PT15M,Water,666.96,7658.5
2025-01-02T16:45:00+00:00,PT15M,Other,453.74,7658.5
2025-01-02T16:45:00+00:00,PT15M,Other Fuel,0.0,7658.5
2025-01-02T16:45:00+00:00,PT15M,Wind Offshore,1145.17,7658.5
2025-01-02T16:15:00+00:00,PT15M,Nuclear,3961.88,7557.84
2025-01-02T16:00:00+00:00,PT15M,Natural Gas,1338.35,7565.17
2025-01-02T16:00:00+00:00,PT15M,Water,628.97,7565.17
2025-01-02T16:00:00+00:00,PT15M,Solar,0.0,7565.17
2025-01-02T16:00:00+00:00,PT15M,Other,450.93,7565.17
2025-01-02T16:00:00+00:00,PT15M,Wind Onshore,20.28,7565.17
2025-01-02T16:00:00+00:00,PT15M,Wind Offshore,1165.28,7565.17
2025-01-02T01:45:00+00:00,PT15M,Natural Gas,394.9,5150.47
2025-01-02T01:45:00+00:00,PT15M,Solar,0.0,5150.47
2025-01-02T01:45:00+00:00,PT15M,Other Fuel,0.0,5150.47
2025-01-02T01:45:00+00:00,PT15M,Wind Onshore,26.69,5150.47
2025-01-02T01:30:00+00:00,PT15M,Natural Gas,395.12,5131.33
2025-01-02T01:30:00+00:00,PT15M,Other Fuel,0.0,5131.33
2025-01-02T01:30:00+00:00,PT15M,Wind Offshore,308.95,5131.33
2025-01-02T01:00:00+00:00,PT15M,Natural Gas,397.31,5049.56
2025-01-02T01:00:00+00:00,PT15M,Water,8.43,5049.56
2025-01-02T01:00:00+00:00,PT15M,Nuclear,3958.91,5049.56
2025-01-02T01:00:00+00:00,PT15M,Solar,0.0,5049.56
2025-01-02T01:00:00+00:00,PT15M,Other Fuel,0.0,5049.56
2025-01-02T00:45:00+00:00,PT15M,Nuclear,3958.43,5052.16
2025-01-02T00:45:00+00:00,PT15M,Other Fuel,0.0,5052.16
2025-01-02T00:45:00+00:00,PT15M,Biofuels,0.0,5052.16
2025-01-02T00:30:00+00:00,PT15M,Natural Gas,425.33,5182.22
2025-01-02T00:30:00+00:00,PT15M,Nuclear,3957.63,5182.22
2025-01-02T00:30:00+00:00,PT15M,Other,439.6,5182.22
2025-01-02T00:15:00+00:00,PT15M,Nuclear,3956.63,5269.26
2025-01-02T00:15:00+00:00,PT15M,Solar,0.0,5269.26
2025-01-02T00:15:00+00:00,PT15M,Wind Onshore,54.89,5269.26
2025-01-02T00:00:00+00:00,PT15M,Other Fuel,0.0,5255.57
2025-01-02T00:00:00+00:00,PT15M,Biofuels,0.0,5255.57
2025-01-02T15:30:00+00:00,PT15M,Water,493.26,7200.32
2025-01-02T15:30:00+00:00,PT15M,Nuclear,3965.11,7200.32
2025-01-02T15:30:00+00:00,PT15M,Other,454.03,7200.32
2025-01-02T15:30:00+00:00,PT15M,Other Fuel,0.0,7200.32
2025-01-02T15:15:00+00:00,PT15M,Natural Gas,1210.25,7120.15
2025-01-02T15:15:00+00:00,PT15M,Other Fuel,0.0,7120.15
2025-01-02T15:15:00+00:00,PT15M,Biofuels,0.0,7120.15
2025-01-02T15:00:00+00:00,PT15M,Water,365.32,7029.21
2025-01-02T15:00:00+00:00,PT15M,Nuclear,3965.46,7029.21
2025-01-02T15:00:00+00:00,PT15M,Solar,2.16,7029.21
2025-01-02T15:00:00+00:00,PT15M,Wind Onshore,14.09,7029.21
2025-01-02T14:45:00+00:00,PT15M,Natural Gas,1169.27,6683.37
2025-01-02T14:45:00+00:00,PT15M,Solar,2.1,6683.37
2025-01-02T14:30:00+00:00,PT15M,Natural Gas,1240.57,6668.71
2025-01-02T14:30:00+00:00,PT15M,Other Fuel,0.0,6668.71
2025-01-02T14:30:00+00:00,PT15M,Wind Offshore,1011.23,6668.71
2025-01-02T14:15:00+00:00,PT15M,Natural Gas,1208.74,6514.81
2025-01-02T14:15:00+00:00,PT15M,Other Fuel,0.0,6514.81
2025-01-02T14:15:00+00:00,PT15M,Biofuels,0.0,6514.81
2025-01-02T14:15:00+00:00,PT15M,Wind Onshore,10.68,6514.81
2025-01-02T14:00:00+00:00,PT15M,Natural Gas,1268.16,6383.34
2025-01-02T14:00:00+00:00,PT15M,Nuclear,3959.02,6383.34
2025-01-02T14:00:00+00:00,PT15M,Biofuels,0.0,6383.34
2025-01-02T13:45:00+00:00,PT15M,Water,7.79,6383.41
2025-01-02T13:45:00+00:00,PT15M,Solar,11.75,6383.41
2025-01-02T13:45:00+00:00,PT15M,Biofuels,0.0,6383.41
2025-01-02T13:45:00+00:00,PT15M,Wind Offshore,650.77,6383.41
2025-01-02T13:30:00+00:00,PT15M,Solar,8.24,6361.88
2025-01-02T13:30:00+00:00,PT15M,Other Fuel,0.0,6361.88
2025-01-02T13:30:00+00:00,PT15M,Biofuels,0.0,6361.88
2025-01-02T13:30:00+00:00,PT15M,Wind Onshore,12.92,6361.88
2025-01-02T13:15:00+00:00,PT15M,Natural Gas,1174.11,6333.37
2025-01-02T13:15:00+00:00,PT15M,Nuclear,3957.3,6333.37
2025-01-02T13:15:00+00:00,PT15M,Wind Onshore,13.2,6333.37
2025-01-02T13:00:00+00:00,PT15M,Natural Gas,1239.88,6485.06
2025-01-02T13:00:00+00:00,PT15M,Solar,14.24,6485.06
2025-01-02T13:00:00+00:00,PT15M,Wind Onshore,12.93,6485.06
2025-01-02T12:45:00+00:00,PT15M,Water,3.03,6490.5
2025-01-02T12:45:00+00:00,PT15M,Other,426.05,6490.5
2025-01-02T12:45:00+00:00,PT15M,Other Fuel,0.0,6490.5
2025-01-02T12:45:00+00:00,PT15M,Biofuels,0.0,6490.5
2025-01-02T12:30:00+00:00,PT15M,Solar,11.66,6546.61
2025-01-02T12:30:00+00:00,PT15M,Other Fuel,0.0,6546.61
2025-01-02T12:15:00+00:00,PT15M,Nuclear,3959.86,6347.81
2025-01-02T12:15:00+00:00,PT15M,Solar,13.66,6347.81
2025-01-02T12:15:00+00:00,PT15M,Other,423.5,6347.81
2025-01-02T12:15:00+00:00,PT15M,Other Fuel,0.0,6347.81
2025-01-02T12:15:00+00:00,PT15M,Wind Onshore,2.36,6347.81
2025-01-02T12:00:00+00:00,PT15M,Water,3.03,6168.31
2025-01-02T12:00:00+00:00,PT15M,Solar,15.67,6168.31
2025-01-02T12:00:00+00:00,PT15M,Biofuels,0.0,6168.31
2025-01-02T12:00:00+00:00,PT15M,Wind Onshore,3.18,6168.31
2025-01-02T12:00:00+00:00,PT15M,Wind Offshore,548.53,6168.31
2025-01-02T11:45:00+00:00,PT15M,Natural Gas,1251.04,6130.36
2025-01-02T11:45:00+00:00,PT15M,Water,3.04,6130.36
2025-01-02T11:45:00+00:00,PT15M,Other Fuel,0.0,6130.36
2025-01-02T11:45:00+00:00,PT15M,Biofuels,0.0,6130.36
2025-01-02T11:45:00+00:00,PT15M,Wind Offshore,460.4,6130.36
2025-01-02T11:30:00+00:00,PT15M,Natural Gas,1181.04,5948.56
2025-01-02T11:30:00+00:00,PT15M,Solar,24.65,5948.56
2025-01-02T11:30:00+00:00,PT15M,Other,439.1,5948.56
2025-01-02T11:30:00+00:00,PT15M,Biofuels,0.0,5948.56
2025-01-02T11:15:00+00:00,PT15M,Other,432.55,5799.23
2025-01-02T11:00:00+00:00,PT15M,Solar,13.9,5769.27
2025-01-02T11:00:00+00:00,PT15M,Biofuels,0.0,5769.27
2025-01-02T11:00:00+00:00,PT15M,Wind Onshore,3.9,5769.27
2025-01-02T10:45:00+00:00,PT15M,Biofuels,0.0,5678.31
2025-01-02T10:45:00+00:00,PT15M,Wind Onshore,4.46,5678.31
2025-01-02T10:45:00+00:00,PT15M,Wind Offshore,248.92,5678.31
2025-01-02T10:30:00+00:00,PT15M,Water,3.04,5768.99
2025-01-02T10:30:00+00:00,PT15M,Nuclear,3962.72,5768.99
2025-01-02T10:30:00+00:00,PT15M,Solar,15.14,5768.99
2025-01-02T10:30:00+00:00,PT15M,Biofuels,0.0,5768.99
2025-01-02T10:15:00+00:00,PT15M,Natural Gas,964.98,5806.11
2025-01-02T10:15:00+00:00,PT15M,Solar,16.51,5806.11
2025-01-02T10:15:00+00:00,PT15M,Other,423.31,5806.11
2025-01-02T10:15:00+00:00,PT15M,Wind Offshore,423.61,5806.11
2025-01-02T10:00:00+00:00,PT15M,Natural Gas,969.76,5757.93
2025-01-02T10:00:00+00:00,PT15M,Solar,13.27,5757.93
2025-01-02T10:00:00+00:00,PT15M,Other Fuel,0.0,5757.93
2025-01-02T09:45:00+00:00,PT15M,Water,9.8,5691.88
2025-01-02T09:45:00+00:00,PT15M,Solar,5.5,5691.88
2025-01-02T09:45:00+00:00,PT15M,Other Fuel,0.0,5691.88
2025-01-02T09:45:00+00:00,PT15M,Wind Onshore,6.76,5691.88
2025-01-02T09:45:00+00:00,PT15M,Wind Offshore,313.26,5691.88
2025-01-02T09:30:00+00:00,PT15M,Other,451.33,5715.05
2025-01-02T09:30:00+00:00,PT15M,Other Fuel,0.0,5715.05
2025-01-02T09:30:00+00:00,PT15M,Wind Onshore,7.82,5715.05
2025-01-02T09:15:00+00:00,PT15M,Wind Onshore,7.43,5783.24
2025-01-02T09:00:00+00:00,PT15M,Other Fuel,0.0,5827.56
2025-01-02T09:00:00+00:00,PT15M,Biofuels,0.0,5827.56
2025-01-02T09:00:00+00:00,PT15M,Wind Offshore,501.91,5827.56
2025-01-02T08:45:00+00:00,PT15M,Nuclear,3965.81,5807.65
2025-01-02T08:45:00+00:00,PT15M,Solar,2.22,5807.65
2025-01-02T08:45:00+00:00,PT15M,Wind Offshore,488.76,5807.65
2025-01-02T08:30:00+00:00,PT15M,Water,9.76,5814.17
2025-01-02T08:30:00+00:00,PT15M,Solar,1.4,5814.17
2025-01-02T08:30:00+00:00,PT15M,Other Fuel,0.0,5814.17
2025-01-02T08:30:00+00:00,PT15M,Wind Onshore,12.6,5814.17
2025-01-02T08:15:00+00:00,PT15M,Solar,1.04,5793.52
2025-01-02T08:15:00+00:00,PT15M,Wind Onshore,13.74,5793.52
2025-01-02T08:15:00+00:00,PT15M,Wind Offshore,480.02,5793.52
2025-01-02T08:00:00+00:00,PT15M,Natural Gas,891.7,5746.16
2025-01-02T08:00:00+00:00,PT15M,Nuclear,3964.02,5746.16
2025-01-02T08:00:00+00:00,PT15M,Wind Onshore,15.5,5746.16
2025-01-02T08:00:00+00:00,PT15M,Wind Offshore,435.6,5746.16
2025-01-02T07:45:00+00:00,PT15M,Natural Gas,800.94,5669.71
2025-01-02T07:45:00+00:00,PT15M,Other,454.17,5669.71
2025-01-02T07:45:00+00:00,PT15M,Other Fuel,0.0,5669.71
2025-01-02T07:45:00+00:00,PT15M,Wind Onshore,16.8,5669.71
2025-01-02T07:45:00+00:00,PT15M,Wind Offshore,424.18,5669.71
2025-01-02T07:30:00+00:00,PT15M,Water,9.67,5660.26
2025-01-02T07:30:00+00:00,PT15M,Solar,0.0,5660.26
2025-01-02T07:30:00+00:00,PT15M,Biofuels,0.0,5660.26
2025-01-02T07:30:00+00:00,PT15M,Wind Offshore,424.76,5660.26
2025-01-02T07:15:00+00:00,PT15M,Solar,0.0,5621.4
2025-01-02T07:15:00+00:00,PT15M,Other,433.69,5621.4
2025-01-02T07:15:00+00:00,PT15M,Wind Offshore,405.06,5621.4
2025-01-02T07:00:00+00:00,PT15M,Natural Gas,735.69,5507.92
2025-01-02T07:00:00+00:00,PT15M,Water,9.49,5507.92
2025-01-02T07:00:00+00:00,PT15M,Solar,0.0,5507.92
2025-01-02T06:45:00+00:00,PT15M,Solar,0.0,5364.47
2025-01-02T06:45:00+00:00,PT15M,Wind Onshore,12.96,5364.47
2025-01-02T06:45:00+00:00,PT15M,Wind Offshore,307.03,5364.47
2025-01-02T06:30:00+00:00,PT15M,Water,8.74,5273.64
2025-01-02T06:30:00+00:00,PT15M,Other Fuel,0.0,5273.64
2025-01-02T06:30:00+00:00,PT15M,Biofuels,0.0,5273.64
2025-01-02T06:15:00+00:00,PT15M,Natural Gas,516.93,5203.98
2025-01-02T06:00:00+00:00,PT15M,Other,439.51,5177.63
2025-01-02T06:00:00+00:00,PT15M,Wind Onshore,14.3,5177.63
2025-01-02T05:45:00+00:00,PT15M,Natural Gas,451.65,5148.57
2025-01-02T05:45:00+00:00,PT15M,Water,8.73,5148.57
2025-01-02T05:45:00+00:00,PT15M,Solar,0.0,5148.57
2025-01-02T05:45:00+00:00,PT15M,Wind Onshore,13.78,5148.57
2025-01-02T05:30:00+00:00,PT15M,Natural Gas,473.08,5155.42
2025-01-02T05:30:00+00:00,PT15M,Solar,0.0,5155.42
2025-01-02T05:30:00+00:00,PT15M,Wind Onshore,16.19,5155.42
2025-01-02T05:15:00+00:00,PT15M,Water,8.67,5143.62
2025-01-02T05:15:00+00:00,PT15M,Nuclear,3965.4,5143.62
2025-01-02T05:15:00+00:00,PT15M,Biofuels,0.0,5143.62
2025-01-02T05:00:00+00:00,PT15M,Water,8.69,5121.2
2025-01-02T05:00:00+00:00,PT15M,Other,430.98,5121.2
2025-01-02T05:00:00+00:00,PT15M,Biofuels,0.0,5121.2
2025-01-02T04:45:00+00:00,PT15M,Natural Gas,396.44,5166.27
2025-01-02T04:45:00+00:00,PT15M,Nuclear,3965.23,5166.27
2025-01-02T04:45:00+00:00,PT15M,Solar,0.0,5166.27
2025-01-02T04:45:00+00:00,PT15M,Wind Offshore,345.83,5166.27
2025-01-02T04:30:00+00:00,PT15M,Water,8.6,5136.16
2025-01-02T04:30:00+00:00,PT15M,Other,432.85,5136.16
2025-01-02T04:15:00+00:00,PT15M,Other,431.76,5148.06
2025-01-02T04:15:00+00:00,PT15M,Wind Onshore,7.37,5148.06
2025-01-02T04:00:00+00:00,PT15M,Water,8.57,5155.24
2025-01-02T04:00:00+00:00,PT15M,Other,432.72,5155.24
2025-01-02T04:00:00+00:00,PT15M,Wind Offshore,334.82,5155.24
2025-01-02T03:45:00+00:00,PT15M,Natural Gas,382.18,5142.25
2025-01-02T03:45:00+00:00,PT15M,Water,8.57,5142.25
2025-01-02T03:45:00+00:00,PT15M,Nuclear,3964.73,5142.25
2025-01-02T03:45:00+00:00,PT15M,Solar,0.0,5142.25
2025-01-02T03:45:00+00:00,PT15M,Wind Onshore,13.97,5142.25
2025-01-02T03:30:00+00:00,PT15M,Water,8.65,5058.51
2025-01-02T03:30:00+00:00,PT15M,Solar,0.0,5058.51
2025-01-02T03:30:00+00:00,PT15M,Wind Offshore,275.14,5058.51
2025-01-02T03:15:00+00:00,PT15M,Water,8.63,5054.41
2025-01-02T03:15:00+00:00,PT15M,Solar,0.0,5054.41
2025-01-02T03:15:00+00:00,PT15M,Biofuels,0.0,5054.41
2025-01-02T03:15:00+00:00,PT15M,Wind Onshore,8.72,5054.41
2025-01-02T03:00:00+00:00,PT15M,Water,8.54,5168.2
2025-01-02T03:00:00+00:00,PT15M,Nuclear,3962.42,5168.2
2025-01-02T03:00:00+00:00,PT15M,Solar,0.0,5168.2
2025-01-02T03:00:00+00:00,PT15M,Wind Onshore,16.16,5168.2
2025-01-02T02:45:00+00:00,PT15M,Nuclear,3962.98,5183.28
2025-01-02T02:45:00+00:00,PT15M,Other Fuel,0.0,5183.28
2025-01-02T02:45:00+00:00,PT15M,Wind Onshore,16.62,5183.28
2025-01-02T02:30:00+00:00,PT15M,Solar,0.0,5093.79
2025-01-02T02:15:00+00:00,PT15M,Natural Gas,395.15,5086.46
2025-01-02T02:15:00+00:00,PT15M,Biofuels,0.0,5086.46
2025-01-02T02:15:00+00:00,PT15M,Wind Offshore,274.55,5086.46
2025-01-02T02:00:00+00:00,PT15M,Solar,0.0,5134.32
2025-01-02T02:00:00+00:00,PT15M,Other,429.87,5134.32
2025-01-02T02:00:00+00:00,PT15M,Biofuels,0.0,5134.32
2025-01-02T02:00:00+00:00,PT15M,Wind Offshore,317.36,5134.32
2025-01-02T01:45:00+00:00,PT15M,Nuclear,3960.96,5150.47
2025-01-02T01:45:00+00:00,PT15M,Wind Offshore,327.25,5150.47
2025-01-02T01:30:00+00:00,PT15M,Nuclear,3960.43,5131.33
2025-01-02T01:30:00+00:00,PT15M,Solar,0.0,5131.33
2025-01-02T01:30:00+00:00,PT15M,Wind Onshore,30.17,5131.33
2025-01-02T01:15:00+00:00,PT15M,Natural Gas,395.69,5066.42
2025-01-02T01:15:00+00:00,PT15M,Solar,0.0,5066.42
2025-01-02T01:15:00+00:00,PT15M,Other,433.29,5066.42
2025-01-02T01:15:00+00:00,PT15M,Other Fuel,0.0,5066.42
2025-01-02T01:15:00+00:00,PT15M,Wind Onshore,30.02,5066.42
2025-01-02T01:00:00+00:00,PT15M,Other,434.91,5049.56
2025-01-02T01:00:00+00:00,PT15M,Wind Offshore,207.66,5049.56
2025-01-02T00:45:00+00:00,PT15M,Natural Gas,397.19,5052.16
2025-01-02T00:45:00+00:00,PT15M,Water,8.41,5052.16
2025-01-02T00:45:00+00:00,PT15M,Wind Offshore,200.65,5052.16
2025-01-02T00:30:00+00:00,PT15M,Wind Onshore,59.97,5182.22
2025-01-02T00:15:00+00:00,PT15M,Natural Gas,447.84,5269.26
2025-01-02T00:15:00+00:00,PT15M,Water,41.67,5269.26
2025-01-02T00:15:00+00:00,PT15M,Other,457.39,5269.26
2025-01-02T00:00:00+00:00,PT15M,Nuclear,3956.59,5255.57
2025-01-02T00:00:00+00:00,PT15M,Solar,0.0,5255.57
2025-01-02T00:00:00+00:00,PT15M,Wind Onshore,48.33,5255.57
2025-01-02T00:00:00+00:00,PT15M,Wind Offshore,345.06,5255.57
2025-01-02T15:45:00+00:00,PT15M,Other,431.92,7430.23
2025-01-02T15:45:00+00:00,PT15M,Biofuels,0.0,7430.23
2025-01-02T15:45:00+00:00,PT15M,Wind Offshore,1085.45,7430.23
2025-01-02T15:30:00+00:00,PT15M,Solar,0.67,7200.32
2025-01-02T15:30:00+00:00,PT15M,Biofuels,0.0,7200.32
2025-01-02T15:30:00+00:00,PT15M,Wind Offshore,1014.77,7200.32
2025-01-02T15:15:00+00:00,PT15M,Nuclear,3964.46,7120.15
2025-01-02T15:15:00+00:00,PT15M,Solar,1.61,7120.15
2025-01-02T15:00:00+00:00,PT15M,Natural Gas,1155.11,7029.21
2025-01-02T14:45:00+00:00,PT15M,Nuclear,3964.42,6683.37
2025-01-02T14:45:00+00:00,PT15M,Other Fuel,0.0,6683.37
2025-01-02T14:45:00+00:00,PT15M,Wind Offshore,1094.79,6683.37
2025-01-02T14:30:00+00:00,PT15M,Water,9.73,6668.71
2025-01-02T14:30:00+00:00,PT15M,Other,424.21,6668.71
2025-01-02T14:30:00+00:00,PT15M,Biofuels,0.0,6668.71
2025-01-02T14:15:00+00:00,PT15M,Water,9.7,6514.81
2025-01-02T14:15:00+00:00,PT15M,Nuclear,3964.19,6514.81
2025-01-02T14:15:00+00:00,PT15M,Solar,2.93,6514.81
2025-01-02T14:15:00+00:00,PT15M,Wind Offshore,893.14,6514.81
2025-01-02T14:00:00+00:00,PT15M,Solar,4.96,6383.34
2025-01-02T14:00:00+00:00,PT15M,Other,431.57,6383.34
2025-01-02T14:00:00+00:00,PT15M,Other Fuel,0.0,6383.34
2025-01-02T14:00:00+00:00,PT15M,Wind Offshore,695.63,6383.34
2025-01-02T13:45:00+00:00,PT15M,Natural Gas,1299.12,6383.41
2025-01-02T13:45:00+00:00,PT15M,Nuclear,3957.89,6383.41
2025-01-02T13:30:00+00:00,PT15M,Natural Gas,1262.78,6361.88
2025-01-02T13:15:00+00:00,PT15M,Water,4.96,6333.37
2025-01-02T13:15:00+00:00,PT15M,Other,426.95,6333.37
2025-01-02T13:15:00+00:00,PT15M,Other Fuel,0.0,6333.37
2025-01-02T13:15:00+00:00,PT15M,Wind Offshore,741.2,6333.37
2025-01-02T13:00:00+00:00,PT15M,Other Fuel,0.0,6485.06
2025-01-02T13:00:00+00:00,PT15M,Biofuels,0.0,6485.06
2025-01-02T13:00:00+00:00,PT15M,Wind Offshore,831.28,6485.06
2025-01-02T12:45:00+00:00,PT15M,Natural Gas,1262.7,6490.5
2025-01-02T12:45:00+00:00,PT15M,Nuclear,3958.06,6490.5
2025-01-02T12:45:00+00:00,PT15M,Solar,13.89,6490.5
2025-01-02T12:45:00+00:00,PT15M,Wind Onshore,10.05,6490.5
2025-01-02T12:30:00+00:00,PT15M,Water,3.03,6546.61
2025-01-02T12:30:00+00:00,PT15M,Other,420.71,6546.61
2025-01-02T12:30:00+00:00,PT15M,Biofuels,0.0,6546.61
2025-01-02T12:30:00+00:00,PT15M,Wind Onshore,4.61,6546.61
2025-01-02T12:30:00+00:00,PT15M,Wind Offshore,850.45,6546.61
2025-01-02T12:00:00+00:00,PT15M,Natural Gas,1197.35,6168.31
2025-01-02T12:00:00+00:00,PT15M,Other,440.64,6168.31
2025-01-02T12:00:00+00:00,PT15M,Other Fuel,0.0,6168.31
2025-01-02T11:45:00+00:00,PT15M,Nuclear,3960.35,6130.36
2025-01-02T11:45:00+00:00,PT15M,Solar,23.47,6130.36
2025-01-02T11:45:00+00:00,PT15M,Wind Onshore,8.6,6130.36
2025-01-02T11:30:00+00:00,PT15M,Nuclear,3961.07,5948.56
2025-01-02T11:30:00+00:00,PT15M,Other Fuel,0.0,5948.56
2025-01-02T11:30:00+00:00,PT15M,Wind Onshore,4.04,5948.56
2025-01-02T11:30:00+00:00,PT15M,Wind Offshore,335.63,5948.56
2025-01-02T11:15:00+00:00,PT15M,Water,3.03,5799.23
2025-01-02T11:15:00+00:00,PT15M,Solar,20.76,5799.23
2025-01-02T11:15:00+00:00,PT15M,Biofuels,0.0,5799.23
2025-01-02T11:15:00+00:00,PT15M,Wind Onshore,3.83,5799.23
2025-01-02T11:00:00+00:00,PT15M,Natural Gas,1045.04,5769.27
2025-01-02T10:45:00+00:00,PT15M,Natural Gas,1000.16,5678.31
2025-01-02T10:45:00+00:00,PT15M,Water,3.04,5678.31
2025-01-02T10:45:00+00:00,PT15M,Solar,14.34,5678.31
2025-01-02T10:45:00+00:00,PT15M,Other,444.92,5678.31
2025-01-02T10:45:00+00:00,PT15M,Other Fuel,0.0,5678.31
2025-01-02T10:30:00+00:00,PT15M,Other,426.15,5768.99
2025-01-02T10:30:00+00:00,PT15M,Other Fuel,0.0,5768.99
2025-01-02T10:30:00+00:00,PT15M,Wind Offshore,383.11,5768.99
2025-01-02T10:15:00+00:00,PT15M,Biofuels,0.0,5806.11
2025-01-02T10:15:00+00:00,PT15M,Wind Onshore,9.48,5806.11
2025-01-02T10:00:00+00:00,PT15M,Water,9.8,5757.93
2025-01-02T10:00:00+00:00,PT15M,Wind Onshore,6.28,5757.93
2025-01-02T09:30:00+00:00,PT15M,Nuclear,3962.38,5715.05
2025-01-02T09:30:00+00:00,PT15M,Solar,9.53,5715.05
2025-01-02T09:30:00+00:00,PT15M,Biofuels,0.0,5715.05
2025-01-02T09:15:00+00:00,PT15M,Water,9.75,5783.24
2025-01-02T09:15:00+00:00,PT15M,Solar,6.06,5783.24
2025-01-02T09:15:00+00:00,PT15M,Other,446.49,5783.24
2025-01-02T09:15:00+00:00,PT15M,Wind Offshore,450.56,5783.24
2025-01-02T09:00:00+00:00,PT15M,Other,439.86,5827.56
2025-01-02T09:00:00+00:00,PT15M,Wind Onshore,9.5,5827.56
2025-01-02T08:45:00+00:00,PT15M,Natural Gas,897.9,5807.65
2025-01-02T08:45:00+00:00,PT15M,Water,9.77,5807.65
2025-01-02T08:45:00+00:00,PT15M,Other,430.2,5807.65
2025-01-02T08:45:00+00:00,PT15M,Other Fuel,0.0,5807.65
2025-01-02T08:30:00+00:00,PT15M,Nuclear,3966.15,5814.17
2025-01-02T08:30:00+00:00,PT15M,Other,424.7,5814.17
2025-01-02T08:30:00+00:00,PT15M,Biofuels,0.0,5814.17
2025-01-02T08:30:00+00:00,PT15M,Wind Offshore,501.58,5814.17
2025-01-02T08:15:00+00:00,PT15M,Nuclear,3965.81,5793.52
2025-01-02T08:15:00+00:00,PT15M,Other,426.52,5793.52
2025-01-02T08:00:00+00:00,PT15M,Other,429.47,5746.16
2025-01-02T07:45:00+00:00,PT15M,Water,9.71,5669.71
2025-01-02T07:45:00+00:00,PT15M,Nuclear,3963.91,5669.71
2025-01-02T07:45:00+00:00,PT15M,Solar,0.0,5669.71
2025-01-02T07:45:00+00:00,PT15M,Biofuels,0.0,5669.71
2025-01-02T07:30:00+00:00,PT15M,Other,449.52,5660.26
2025-01-02T07:30:00+00:00,PT15M,Other Fuel,0.0,5660.26
2025-01-02T07:15:00+00:00,PT15M,Biofuels,0.0,5621.4
2025-01-02T07:15:00+00:00,PT15M,Wind Onshore,12.66,5621.4
2025-01-02T07:00:00+00:00,PT15M,Nuclear,3963.7,5507.92
2025-01-02T07:00:00+00:00,PT15M,Other,439.82,5507.92
2025-01-02T07:00:00+00:00,PT15M,Wind Onshore,12.34,5507.92
2025-01-02T06:45:00+00:00,PT15M,Water,8.76,5364.47
2025-01-02T06:45:00+00:00,PT15M,Nuclear,3964.0,5364.47
2025-01-02T06:45:00+00:00,PT15M,Other,456.95,5364.47
2025-01-02T06:45:00+00:00,PT15M,Other Fuel,0.0,5364.47
2025-01-02T06:30:00+00:00,PT15M,Solar,0.0,5273.64
2025-01-02T06:30:00+00:00,PT15M,Other,448.49,5273.64
2025-01-02T06:15:00+00:00,PT15M,Solar,0.0,5203.98
2025-01-02T06:15:00+00:00,PT15M,Biofuels,0.0,5203.98
2025-01-02T06:15:00+00:00,PT15M,Wind Onshore,13.86,5203.98
2025-01-02T06:00:00+00:00,PT15M,Natural Gas,487.94,5177.63
2025-01-02T06:00:00+00:00,PT15M,Water,8.7,5177.63
2025-01-02T06:00:00+00:00,PT15M,Nuclear,3963.93,5177.63
2025-01-02T06:00:00+00:00,PT15M,Other Fuel,0.0,5177.63
2025-01-02T06:00:00+00:00,PT15M,Biofuels,0.0,5177.63
2025-01-02T06:00:00+00:00,PT15M,Wind Offshore,263.25,5177.63
2025-01-02T05:45:00+00:00,PT15M,Biofuels,0.0,5148.57
2025-01-02T05:45:00+00:00,PT15M,Wind Offshore,267.38,5148.57
2025-01-02T05:30:00+00:00,PT15M,Other,428.5,5155.42
2025-01-02T05:30:00+00:00,PT15M,Other Fuel,0.0,5155.42
2025-01-02T05:30:00+00:00,PT15M,Biofuels,0.0,5155.42
2025-01-02T05:15:00+00:00,PT15M,Natural Gas,452.45,5143.62
2025-01-02T05:15:00+00:00,PT15M,Other,431.35,5143.62
2025-01-02T05:15:00+00:00,PT15M,Other Fuel,0.0,5143.62
2025-01-02T05:00:00+00:00,PT15M,Nuclear,3965.63,5121.2
2025-01-02T05:00:00+00:00,PT15M,Solar,0.0,5121.2
2025-01-02T05:00:00+00:00,PT15M,Other Fuel,0.0,5121.2
2025-01-02T04:45:00+00:00,PT15M,Water,8.64,5166.27
2025-01-02T04:45:00+00:00,PT15M,Other,434.54,5166.27
2025-01-02T04:45:00+00:00,PT15M,Wind Onshore,15.59,5166.27
2025-01-02T04:30:00+00:00,PT15M,Natural Gas,397.72,5136.16
2025-01-02T04:30:00+00:00,PT15M,Nuclear,3966.06,5136.16
2025-01-02T04:30:00+00:00,PT15M,Other Fuel,0.0,5136.16
2025-01-02T04:30:00+00:00,PT15M,Biofuels,0.0,5136.16
2025-01-02T04:15:00+00:00,PT15M,Wind Offshore,334.87,5148.06
2025-01-02T04:00:00+00:00,PT15M,Natural Gas,400.15,5155.24
2025-01-02T04:00:00+00:00,PT15M,Nuclear,3965.43,5155.24
2025-01-02T04:00:00+00:00,PT15M,Solar,0.0,5155.24
2025-01-02T04:00:00+00:00,PT15M,Biofuels,0.0,5155.24
2025-01-02T04:00:00+00:00,PT15M,Wind Onshore,13.55,5155.24
2025-01-02T03:45:00+00:00,PT15M,Other Fuel,0.0,5142.25
2025-01-02T03:45:00+00:00,PT15M,Biofuels,0.0,5142.25
2025-01-02T03:30:00+00:00,PT15M,Other Fuel,0.0,5058.51
2025-01-02T03:15:00+00:00,PT15M,Natural Gas,370.13,5054.41
2025-01-02T03:15:00+00:00,PT15M,Nuclear,3964.05,5054.41
2025-01-02T03:00:00+00:00,PT15M,Other,426.79,5168.2
2025-01-02T02:45:00+00:00,PT15M,Natural Gas,371.41,5183.28
2025-01-02T02:45:00+00:00,PT15M,Water,8.54,5183.28
2025-01-02T02:45:00+00:00,PT15M,Biofuels,0.0,5183.28
2025-01-02T02:30:00+00:00,PT15M,Other,429.92,5093.79
2025-01-02T02:30:00+00:00,PT15M,Wind Onshore,16.15,5093.79
2025-01-02T02:30:00+00:00,PT15M,Wind Offshore,290.14,5093.79
2025-01-02T02:15:00+00:00,PT15M,Water,8.45,5086.46
2025-01-02T02:15:00+00:00,PT15M,Nuclear,3961.9,5086.46
2025-01-02T02:15:00+00:00,PT15M,Other,430.95,5086.46
2025-01-02T02:15:00+00:00,PT15M,Other Fuel,0.0,5086.46
2025-01-02T02:00:00+00:00,PT15M,Water,8.43,5134.32
2025-01-02T02:00:00+00:00,PT15M,Other Fuel,0.0,5134.32
2025-01-02T02:00:00+00:00,PT15M,Wind Onshore,22.39,5134.32
2025-01-02T23:45:00+00:00,PT15M,Biofuels,0.0,5828.27
2025-01-02T23:45:00+00:00,PT15M,Wind Onshore,62.89,5828.27
2025-01-02T23:30:00+00:00,PT15M,Nuclear,3963.22,5855.05
2025-01-02T23:30:00+00:00,PT15M,Solar,0.0,5855.05
2025-01-02T23:15:00+00:00,PT15M,Other,426.93,6043.5
2025-01-02T23:00:00+00:00,PT15M,Water,8.84,6277.97
2025-01-02T22:45:00+00:00,PT15M,Water,8.84,6595.67
2025-01-02T22:45:00+00:00,PT15M,Nuclear,3962.66,6595.67
2025-01-02T22:45:00+00:00,PT15M,Biofuels,0.0,6595.67
2025-01-02T22:30:00+00:00,PT15M,Natural Gas,1361.52,6720.15
2025-01-02T22:30:00+00:00,PT15M,Other Fuel,0.0,6720.15
2025-01-02T22:00:00+00:00,PT15M,Natural Gas,1349.86,6631.91
2025-01-02T22:00:00+00:00,PT15M,Water,9.53,6631.91
2025-01-02T22:00:00+00:00,PT15M,Wind Offshore,803.21,6631.91
2025-01-02T21:45:00+00:00,PT15M,Water,8.85,6675.24
2025-01-02T21:45:00+00:00,PT15M,Nuclear,3962.77,6675.24
2025-01-02T21:45:00+00:00,PT15M,Wind Onshore,59.02,6675.24
2025-01-02T21:30:00+00:00,PT15M,Natural Gas,1341.12,6761.28
2025-01-02T21:30:00+00:00,PT15M,Solar,0.0,6761.28
2025-01-02T21:30:00+00:00,PT15M,Other,456.72,6761.28
2025-01-02T21:30:00+00:00,PT15M,Biofuels,0.0,6761.28
2025-01-02T21:15:00+00:00,PT15M,Nuclear,3962.89,6793.16
2025-01-02T21:15:00+00:00,PT15M,Biofuels,0.0,6793.16
2025-01-02T21:15:00+00:00,PT15M,Wind Onshore,70.79,6793.16
2025-01-02T21:00:00+00:00,PT15M,Water,13.27,6793.29
2025-01-02T21:00:00+00:00,PT15M,Other Fuel,0.0,6793.29
2025-01-02T21:00:00+00:00,PT15M,Wind Onshore,70.02,6793.29
2025-01-02T21:00:00+00:00,PT15M,Wind Offshore,953.11,6793.29
2025-01-02T20:45:00+00:00,PT15M,Natural Gas,1371.76,6782.28
2025-01-02T20:45:00+00:00,PT15M,Other,434.29,6782.28
2025-01-02T20:30:00+00:00,PT15M,Water,48.27,6803.03
2025-01-02T20:30:00+00:00,PT15M,Solar,0.0,6803.03
2025-01-02T20:30:00+00:00,PT15M,Other,453.85,6803.03
2025-01-02T20:30:00+00:00,PT15M,Other Fuel,0.0,6803.03
2025-01-02T20:30:00+00:00,PT15M,Wind Offshore,904.57,6803.03
2025-01-02T20:15:00+00:00,PT15M,Nuclear,3962.55,6795.99
2025-01-02T20:15:00+00:00,PT15M,Solar,0.0,6795.99
2025-01-02T20:15:00+00:00,PT15M,Wind Onshore,49.61,6795.99
2025-01-02T20:00:00+00:00,PT15M,Nuclear,3963.11,6878.21
2025-01-02T20:00:00+00:00,PT15M,Other Fuel,0.0,6878.21
2025-01-02T20:00:00+00:00,PT15M,Biofuels,0.0,6878.21
2025-01-02T20:00:00+00:00,PT15M,Wind Offshore,1033.19,6878.21
2025-01-02T19:45:00+00:00,PT15M,Solar,0.0,7105.71
2025-01-02T19:45:00+00:00,PT15M,Biofuels,0.0,7105.71
2025-01-02T19:45:00+00:00,PT15M,Wind Onshore,50.39,7105.71
2025-01-02T19:30:00+00:00,PT15M,Water,137.96,7054.45
2025-01-02T19:30:00+00:00,PT15M,Nuclear,3960.41,7054.45
2025-01-02T19:30:00+00:00,PT15M,Solar,0.0,7054.45
2025-01-02T19:30:00+00:00,PT15M,Other Fuel,0.0,7054.45
2025-01-02T19:30:00+00:00,PT15M,Wind Offshore,1053.09,7054.45
2025-01-02T19:15:00+00:00,PT15M,Other Fuel,0.0,6929.32
2025-01-02T19:15:00+00:00,PT15M,Wind Onshore,52.39,6929.32
2025-01-02T19:15:00+00:00,PT15M,Wind Offshore,1009.43,6929.32
2025-01-02T19:00:00+00:00,PT15M,Natural Gas,1336.72,6954.19
2025-01-02T19:00:00+00:00,PT15M,Water,150.78,6954.19
2025-01-02T19:00:00+00:00,PT15M,Solar,0.0,6954.19
2025-01-02T19:00:00+00:00,PT15M,Wind Onshore,46.86,6954.19
2025-01-02T18:45:00+00:00,PT15M,Water,575.42,7439.21
2025-01-02T18:45:00+00:00,PT15M,Solar,0.0,7439.21
2025-01-02T18:30:00+00:00,PT15M,Natural Gas,1336.26,7536.76
2025-01-02T18:30:00+00:00,PT15M,Nuclear,3960.73,7536.76
2025-01-02T18:30:00+00:00,PT15M,Biofuels,0.0,7536.76
2025-01-02T18:15:00+00:00,PT15M,Other,441.85,7613.85
2025-01-02T18:15:00+00:00,PT15M,Other Fuel,0.0,7613.85
2025-01-02T18:00:00+00:00,PT15M,Biofuels,0.0,7687.12
2025-01-02T17:45:00+00:00,PT15M,Natural Gas,1336.19,7620.19
2025-01-02T17:45:00+00:00,PT15M,Nuclear,3961.85,7620.19
2025-01-02T17:45:00+00:00,PT15M,Other Fuel,0.0,7620.19
2025-01-02T17:45:00+00:00,PT15M,Biofuels,0.0,7620.19
2025-01-02T17:45:00+00:00,PT15M,Wind Offshore,1239.65,7620.19
2025-01-02T17:30:00+00:00,PT15M,Natural Gas,1335.89,7634.36
2025-01-02T17:30:00+00:00,PT15M,Solar,0.0,7634.36
2025-01-02T17:30:00+00:00,PT15M,Other Fuel,0.0,7634.36
2025-01-02T17:30:00+00:00,PT15M,Biofuels,0.0,7634.36
2025-01-02T17:15:00+00:00,PT15M,Natural Gas,1360.56,7774.7
2025-01-02T17:15:00+00:00,PT15M,Solar,0.0,7774.7
2025-01-02T17:15:00+00:00,PT15M,Other,428.65,7774.7
2025-01-02T17:15:00+00:00,PT15M,Other Fuel,0.0,7774.7
2025-01-02T17:15:00+00:00,PT15M,Biofuels,0.0,7774.7
2025-01-02T17:00:00+00:00,PT15M,Other Fuel,0.0,7847.07
2025-01-02T17:00:00+00:00,PT15M,Biofuels,0.0,7847.07
2025-01-02T16:45:00+00:00,PT15M,Nuclear,3962.46,7658.5
2025-01-02T16:45:00+00:00,PT15M,Wind Onshore,34.11,7658.5
2025-01-02T16:30:00+00:00,PT15M,Natural Gas,1335.15,7482.55
2025-01-02T16:30:00+00:00,PT15M,Water,634.54,7482.55
2025-01-02T16:30:00+00:00,PT15M,Nuclear,3962.02,7482.55
2025-01-02T16:30:00+00:00,PT15M,Solar,0.0,7482.55
2025-01-02T16:30:00+00:00,PT15M,Other,450.93,7482.55
2025-01-02T16:15:00+00:00,PT15M,Natural Gas,1334.37,7557.84
2025-01-02T16:15:00+00:00,PT15M,Water,624.94,7557.84
2025-01-02T16:15:00+00:00,PT15M,Wind Onshore,29.65,7557.84
2025-01-02T16:00:00+00:00,PT15M,Nuclear,3961.36,7565.17
2025-01-02T16:00:00+00:00,PT15M,Other Fuel,0.0,7565.17
2025-01-02T16:00:00+00:00,PT15M,Biofuels,0.0,7565.17
2025-01-02T15:45:00+00:00,PT15M,Nuclear,3960.33,7430.23
